,index,facil,depart,departn,vilcom,vilcomn,factype,facdesc_1,facdesc,mga,service_laboratory,num_beds,ambulance,full_time
0,0,1,1,Ouest,11,Port-Au-Prince,7.0,DISPENSAIRE,DISPENSAIRE,3,1.0,,3.0,5.0
1,1,2,1,Ouest,11,Port-Au-Prince,3.0,HOPITAL,HOPITAL COMMUNAUTAIRE DE REFERENCE,1,1.0,25.0,3.0,18.0
2,2,3,1,Ouest,11,Port-Au-Prince,6.0,CENTRE DE SANTE SANS LIT,CENTRE DE SANTE SANS LIT,3,1.0,201.0,1.0,141.0
3,3,4,1,Ouest,11,Port-Au-Prince,5.0,CENTRE DE SANTE AVEC LIT,CENTRE DE SANTE AVEC LIT,3,1.0,7.0,3.0,13.0
4,4,5,1,Ouest,11,Port-Au-Prince,6.0,CENTRE DE SANTE SANS LIT,CENTRE DE SANTE SANS LIT,2,1.0,,3.0,10.0
5,5,6,1,Ouest,11,Port-Au-Prince,6.0,CENTRE DE SANTE SANS LIT,CENTRE DE SANTE SANS LIT,4,1.0,2.0,3.0,8.0
6,6,8,1,Ouest,11,Port-Au-Prince,5.0,CENTRE DE SANTE AVEC LIT,CENTRE DE SANTE AVEC LIT,2,2.0,5.0,3.0,5.0
7,7,9,1,Ouest,11,Port-Au-Prince,6.0,CENTRE DE SANTE SANS LIT,CENTRE DE SANTE SANS LIT,3,1.0,,3.0,6.0
8,8,12,1,Ouest,11,Port-Au-Prince,6.0,CENTRE DE SANTE SANS LIT,CENTRE DE SANTE SANS LIT,3,1.0,,3.0,5.0
9,9,13,1,Ouest,11,Port-Au-Prince,6.0,CENTRE DE SANTE SANS LIT,CENTRE DE SANTE SANS LIT,3,2.0,,3.0,2.0
10,10,15,1,Ouest,11,Port-Au-Prince,7.0,DISPENSAIRE,DISPENSAIRE,3,2.0,3.0,3.0,10.0
11,11,18,1,Ouest,11,Port-Au-Prince,6.0,CENTRE DE SANTE SANS LIT,CENTRE DE SANTE SANS LIT,3,2.0,,3.0,5.0
12,12,19,1,Ouest,11,Port-Au-Prince,4.0,HOPITAL,AUTRES HOPITAUX,3,1.0,7.0,1.0,17.0
13,13,23,1,Ouest,11,Port-Au-Prince,6.0,CENTRE DE SANTE SANS LIT,CENTRE DE SANTE SANS LIT,3,2.0,,3.0,12.0
14,14,24,1,Ouest,11,Port-Au-Prince,4.0,HOPITAL,AUTRES HOPITAUX,3,1.0,24.0,3.0,57.0
15,15,26,1,Ouest,11,Port-Au-Prince,6.0,CENTRE DE SANTE SANS LIT,CENTRE DE SANTE SANS LIT,2,1.0,12.0,1.0,9.0
16,16,28,1,Ouest,11,Port-Au-Prince,1.0,HOPITAL,HOPITAL UNIVERSITAIRE,1,1.0,652.0,3.0,381.0
17,17,29,1,Ouest,11,Port-Au-Prince,4.0,HOPITAL,AUTRES HOPITAUX,3,1.0,30.0,3.0,97.0
18,18,30,1,Ouest,11,Port-Au-Prince,6.0,CENTRE DE SANTE SANS LIT,CENTRE DE SANTE SANS LIT,1,1.0,,3.0,40.0
19,19,31,1,Ouest,11,Port-Au-Prince,6.0,CENTRE DE SANTE SANS LIT,CENTRE DE SANTE SANS LIT,4,2.0,,3.0,4.0
20,20,33,1,Ouest,11,Port-Au-Prince,4.0,HOPITAL,AUTRES HOPITAUX,3,1.0,40.0,1.0,104.0
21,21,34,1,Ouest,11,Port-Au-Prince,4.0,HOPITAL,AUTRES HOPITAUX,1,1.0,60.0,1.0,63.0
22,22,35,1,Ouest,11,Port-Au-Prince,4.0,HOPITAL,AUTRES HOPITAUX,2,1.0,30.0,3.0,40.0
23,23,36,1,Ouest,11,Port-au-Prince,6.0,CENTRE DE SANTE SANS LIT,CENTRE DE SANTE SANS LIT,1,2.0,,3.0,4.0
24,24,37,1,Ouest,11,Port-Au-Prince,6.0,CENTRE DE SANTE SANS LIT,CENTRE DE SANTE SANS LIT,2,1.0,,3.0,12.0
25,25,38,1,Ouest,11,Port-Au-Prince,6.0,CENTRE DE SANTE SANS LIT,CENTRE DE SANTE SANS LIT,3,1.0,,3.0,15.0
26,26,39,1,Ouest,11,Port-Au-Prince,6.0,CENTRE DE SANTE SANS LIT,CENTRE DE SANTE SANS LIT,2,,,,
27,27,40,1,Ouest,11,Port-Au-Prince,6.0,CENTRE DE SANTE SANS LIT,CENTRE DE SANTE SANS LIT,4,1.0,30.0,1.0,57.0
28,28,41,1,Ouest,11,Port-Au-Prince,4.0,HOPITAL,AUTRES HOPITAUX,3,2.0,24.0,3.0,27.0
29,29,42,1,Ouest,11,Port-Au-Prince,4.0,HOPITAL,AUTRES HOPITAUX,3,1.0,13.0,3.0,35.0
30,30,43,1,Ouest,11,Port-Au-Prince,6.0,CENTRE DE SANTE SANS LIT,CENTRE DE SANTE SANS LIT,3,2.0,,3.0,7.0
31,31,44,1,Ouest,11,Port-Au-Prince,4.0,HOPITAL,AUTRES HOPITAUX,3,1.0,10.0,3.0,18.0
32,32,45,1,Ouest,11,Port-Au-Prince,6.0,CENTRE DE SANTE SANS LIT,CENTRE DE SANTE SANS LIT,4,1.0,,3.0,5.0
33,33,46,1,Ouest,11,Port-Au-Prince,6.0,CENTRE DE SANTE SANS LIT,CENTRE DE SANTE SANS LIT,4,1.0,,3.0,31.0
34,34,47,1,Ouest,11,Port-Au-Prince,4.0,HOPITAL,AUTRES HOPITAUX,3,1.0,9.0,3.0,46.0
35,35,48,1,Ouest,11,Port-Au-Prince,4.0,HOPITAL,AUTRES HOPITAUX,2,1.0,25.0,3.0,21.0
36,36,49,1,Ouest,11,Port-Au-Prince,6.0,CENTRE DE SANTE SANS LIT,CENTRE DE SANTE SANS LIT,3,1.0,,3.0,10.0
37,37,50,1,Ouest,11,Port-Au-Prince,6.0,CENTRE DE SANTE SANS LIT,CENTRE DE SANTE SANS LIT,1,1.0,,3.0,51.0
38,38,51,1,Ouest,11,Port-Au-Prince,6.0,CENTRE DE SANTE SANS LIT,CENTRE DE SANTE SANS LIT,4,1.0,,3.0,14.0
39,39,53,1,Ouest,11,Port-Au-Prince,5.0,CENTRE DE SANTE AVEC LIT,CENTRE DE SANTE AVEC LIT,3,1.0,,3.0,5.0
40,40,54,1,Ouest,11,Port-Au-Prince,6.0,CENTRE DE SANTE SANS LIT,CENTRE DE SANTE SANS LIT,4,2.0,2.0,3.0,2.0
41,41,55,1,Ouest,11,Port-Au-Prince,6.0,CENTRE DE SANTE SANS LIT,CENTRE DE SANTE SANS LIT,3,1.0,3.0,3.0,13.0
42,42,56,1,Ouest,11,Port-Au-Prince,6.0,CENTRE DE SANTE SANS LIT,CENTRE DE SANTE SANS LIT,3,1.0,,3.0,15.0
43,43,58,1,Ouest,11,Port-Au-Prince,4.0,HOPITAL,AUTRES HOPITAUX,3,1.0,8.0,3.0,9.0
44,44,60,1,Ouest,11,Port-Au-Prince,4.0,HOPITAL,AUTRES HOPITAUX,2,2.0,13.0,1.0,107.0
45,45,61,1,Ouest,11,Port-Au-Prince,6.0,CENTRE DE SANTE SANS LIT,CENTRE DE SANTE SANS LIT,2,1.0,,3.0,13.0
46,46,62,1,Ouest,11,Port-Au-Prince,6.0,CENTRE DE SANTE SANS LIT,CENTRE DE SANTE SANS LIT,2,1.0,1.0,3.0,11.0
47,47,64,1,Ouest,11,Port-Au-Prince,6.0,CENTRE DE SANTE SANS LIT,CENTRE DE SANTE SANS LIT,3,1.0,,3.0,3.0
48,48,65,1,Ouest,12,Cit!-Soleil,6.0,CENTRE DE SANTE SANS LIT,CENTRE DE SANTE SANS LIT,1,1.0,,3.0,42.0
49,49,66,1,Ouest,12,Cit!-Soleil,5.0,CENTRE DE SANTE AVEC LIT,CENTRE DE SANTE AVEC LIT,2,1.0,,3.0,19.0
50,50,67,1,Ouest,12,Cit!-Soleil,6.0,CENTRE DE SANTE SANS LIT,CENTRE DE SANTE SANS LIT,2,2.0,4.0,1.0,23.0
51,51,68,1,Ouest,12,Cit!-Soleil,4.0,HOPITAL,AUTRES HOPITAUX,2,1.0,40.0,1.0,119.0
52,52,69,1,Ouest,12,Cit!-Soleil,6.0,CENTRE DE SANTE SANS LIT,CENTRE DE SANTE SANS LIT,2,1.0,2.0,3.0,10.0
53,53,70,1,Ouest,12,Cit!-Soleil,4.0,HOPITAL,AUTRES HOPITAUX,2,2.0,,3.0,7.0
54,54,71,1,Ouest,12,Cit!-Soleil,4.0,HOPITAL,AUTRES HOPITAUX,1,1.0,97.0,2.0,55.0
55,55,72,1,Ouest,12,Cit!-Soleil,6.0,CENTRE DE SANTE SANS LIT,CENTRE DE SANTE SANS LIT,3,1.0,,3.0,6.0
56,56,73,1,Ouest,12,Cit!-Soleil,5.0,CENTRE DE SANTE AVEC LIT,CENTRE DE SANTE AVEC LIT,3,1.0,,3.0,10.0
57,57,74,1,Ouest,12,Cit!-Soleil,5.0,CENTRE DE SANTE AVEC LIT,CENTRE DE SANTE AVEC LIT,2,1.0,,1.0,10.0
58,58,75,1,Ouest,12,Cit!-Soleil,6.0,CENTRE DE SANTE SANS LIT,CENTRE DE SANTE SANS LIT,1,2.0,,1.0,5.0
59,59,76,1,Ouest,12,Delmas,5.0,CENTRE DE SANTE AVEC LIT,CENTRE DE SANTE AVEC LIT,3,1.0,,3.0,16.0
60,60,77,1,Ouest,12,Delmas,4.0,HOPITAL,AUTRES HOPITAUX,3,1.0,16.0,3.0,45.0
61,61,79,1,Ouest,12,Delmas,4.0,HOPITAL,AUTRES HOPITAUX,4,1.0,15.0,2.0,76.0
62,62,80,1,Ouest,12,Delmas,1.0,HOPITAL,HOPITAL UNIVERSITAIRE,1,1.0,75.0,3.0,139.0
63,63,81,1,Ouest,12,Delmas,4.0,HOPITAL,AUTRES HOPITAUX,1,1.0,60.0,1.0,202.0
64,64,82,1,Ouest,12,Delmas,6.0,CENTRE DE SANTE SANS LIT,CENTRE DE SANTE SANS LIT,1,1.0,4.0,3.0,38.0
65,65,83,1,Ouest,12,Delmas,6.0,CENTRE DE SANTE SANS LIT,CENTRE DE SANTE SANS LIT,2,1.0,,3.0,10.0
66,66,84,1,Ouest,12,Delmas,4.0,HOPITAL,AUTRES HOPITAUX,3,1.0,50.0,1.0,165.0
67,67,85,1,Ouest,12,Delmas,5.0,CENTRE DE SANTE AVEC LIT,CENTRE DE SANTE AVEC LIT,2,1.0,20.0,3.0,51.0
68,68,86,1,Ouest,12,Delmas,6.0,CENTRE DE SANTE SANS LIT,CENTRE DE SANTE SANS LIT,1,1.0,,3.0,29.0
69,69,87,1,Ouest,12,Delmas,6.0,CENTRE DE SANTE SANS LIT,CENTRE DE SANTE SANS LIT,3,1.0,,3.0,5.0
70,70,88,1,Ouest,12,Delmas,6.0,CENTRE DE SANTE SANS LIT,CENTRE DE SANTE SANS LIT,2,1.0,,3.0,5.0
71,71,89,1,Ouest,12,Delmas,6.0,CENTRE DE SANTE SANS LIT,CENTRE DE SANTE SANS LIT,4,1.0,,3.0,11.0
72,72,91,1,Ouest,12,Delmas,6.0,CENTRE DE SANTE SANS LIT,CENTRE DE SANTE SANS LIT,2,1.0,25.0,3.0,15.0
73,73,92,1,Ouest,12,Delmas,6.0,CENTRE DE SANTE SANS LIT,CENTRE DE SANTE SANS LIT,3,1.0,,3.0,7.0
74,74,94,1,Ouest,12,Delmas,4.0,HOPITAL,AUTRES HOPITAUX,2,1.0,68.0,1.0,215.0
75,75,95,1,Ouest,12,Delmas,1.0,HOPITAL,HOPITAL UNIVERSITAIRE,1,1.0,140.0,3.0,303.0
76,76,96,1,Ouest,12,Delmas,4.0,HOPITAL,AUTRES HOPITAUX,3,1.0,39.0,3.0,95.0
77,77,97,1,Ouest,12,Delmas,4.0,HOPITAL,AUTRES HOPITAUX,2,1.0,8.0,2.0,28.0
78,78,98,1,Ouest,12,Delmas,6.0,CENTRE DE SANTE SANS LIT,CENTRE DE SANTE SANS LIT,2,1.0,,1.0,15.0
79,79,99,1,Ouest,12,Delmas,5.0,CENTRE DE SANTE AVEC LIT,CENTRE DE SANTE AVEC LIT,3,1.0,2.0,3.0,26.0
80,80,101,1,Ouest,12,Delmas,5.0,CENTRE DE SANTE AVEC LIT,CENTRE DE SANTE AVEC LIT,3,2.0,1.0,3.0,6.0
81,81,102,1,Ouest,12,Delmas,4.0,HOPITAL,AUTRES HOPITAUX,2,1.0,10.0,3.0,12.0
82,82,104,1,Ouest,12,Delmas,6.0,CENTRE DE SANTE SANS LIT,CENTRE DE SANTE SANS LIT,2,1.0,,3.0,6.0
83,83,105,1,Ouest,12,Delmas,4.0,HOPITAL,AUTRES HOPITAUX,2,1.0,,1.0,28.0
84,84,106,1,Ouest,12,Delmas,6.0,CENTRE DE SANTE SANS LIT,CENTRE DE SANTE SANS LIT,3,1.0,,3.0,11.0
85,85,107,1,Ouest,12,Delmas,5.0,CENTRE DE SANTE AVEC LIT,CENTRE DE SANTE AVEC LIT,3,2.0,,1.0,5.0
86,86,108,1,Ouest,12,Delmas,6.0,CENTRE DE SANTE SANS LIT,CENTRE DE SANTE SANS LIT,3,1.0,5.0,3.0,12.0
87,87,109,1,Ouest,12,Delmas,6.0,CENTRE DE SANTE SANS LIT,CENTRE DE SANTE SANS LIT,3,1.0,,3.0,3.0
88,88,113,1,Ouest,12,Delmas,6.0,CENTRE DE SANTE SANS LIT,CENTRE DE SANTE SANS LIT,1,1.0,,3.0,61.0
89,89,116,1,Ouest,12,Delmas,6.0,CENTRE DE SANTE SANS LIT,CENTRE DE SANTE SANS LIT,1,1.0,1.0,3.0,46.0
90,90,117,1,Ouest,12,Delmas,6.0,CENTRE DE SANTE SANS LIT,CENTRE DE SANTE SANS LIT,3,1.0,,3.0,8.0
91,91,119,1,Ouest,12,Tabarre,6.0,CENTRE DE SANTE SANS LIT,CENTRE DE SANTE SANS LIT,3,1.0,,3.0,8.0
92,92,122,1,Ouest,12,Tabarre,4.0,HOPITAL,AUTRES HOPITAUX,2,1.0,20.0,3.0,41.0
93,93,123,1,Ouest,12,Tabarre,4.0,HOPITAL,AUTRES HOPITAUX,1,1.0,132.0,1.0,332.0
94,94,124,1,Ouest,12,Tabarre,4.0,HOPITAL,AUTRES HOPITAUX,2,1.0,87.0,3.0,88.0
95,95,125,1,Ouest,12,Tabarre,4.0,HOPITAL,AUTRES HOPITAUX,2,1.0,,3.0,3.0
96,96,126,1,Ouest,12,Tabarre,6.0,CENTRE DE SANTE SANS LIT,CENTRE DE SANTE SANS LIT,3,2.0,,1.0,4.0
97,97,127,1,Ouest,12,Tabarre,4.0,HOPITAL,AUTRES HOPITAUX,2,1.0,50.0,1.0,156.0
98,98,128,1,Ouest,12,Tabarre,4.0,HOPITAL,AUTRES HOPITAUX,4,1.0,33.0,3.0,43.0
99,99,129,1,Ouest,13,Carrefour,6.0,CENTRE DE SANTE SANS LIT,CENTRE DE SANTE SANS LIT,4,1.0,,3.0,17.0
100,100,131,1,Ouest,13,Carrefour,6.0,CENTRE DE SANTE SANS LIT,CENTRE DE SANTE SANS LIT,4,1.0,,3.0,3.0
101,101,132,1,Ouest,13,Carrefour,6.0,CENTRE DE SANTE SANS LIT,CENTRE DE SANTE SANS LIT,4,1.0,9.0,3.0,28.0
102,102,133,1,Ouest,13,Carrefour,5.0,CENTRE DE SANTE AVEC LIT,CENTRE DE SANTE AVEC LIT,3,1.0,3.0,3.0,13.0
103,103,134,1,Ouest,13,Carrefour,5.0,CENTRE DE SANTE AVEC LIT,CENTRE DE SANTE AVEC LIT,4,2.0,3.0,3.0,13.0
104,104,135,1,Ouest,13,Carrefour,5.0,CENTRE DE SANTE AVEC LIT,CENTRE DE SANTE AVEC LIT,3,1.0,,3.0,17.0
105,105,137,1,Ouest,13,Carrefour,6.0,CENTRE DE SANTE SANS LIT,CENTRE DE SANTE SANS LIT,1,2.0,,3.0,31.0
106,106,138,1,Ouest,13,Carrefour,4.0,HOPITAL,AUTRES HOPITAUX,3,1.0,25.0,3.0,65.0
107,107,139,1,Ouest,13,Carrefour,5.0,CENTRE DE SANTE AVEC LIT,CENTRE DE SANTE AVEC LIT,3,1.0,,3.0,9.0
108,108,141,1,Ouest,13,Carrefour,6.0,CENTRE DE SANTE SANS LIT,CENTRE DE SANTE SANS LIT,2,2.0,4.0,3.0,2.0
109,109,143,1,Ouest,13,Carrefour,5.0,CENTRE DE SANTE AVEC LIT,CENTRE DE SANTE AVEC LIT,3,1.0,4.0,3.0,15.0
110,110,144,1,Ouest,13,Carrefour,3.0,HOPITAL,HOPITAL COMMUNAUTAIRE DE REFERENCE,1,1.0,35.0,3.0,88.0
111,111,145,1,Ouest,13,Carrefour,1.0,HOPITAL,HOPITAL UNIVERSITAIRE,3,1.0,24.0,1.0,93.0
112,112,146,1,Ouest,13,Carrefour,6.0,CENTRE DE SANTE SANS LIT,CENTRE DE SANTE SANS LIT,3,1.0,,3.0,31.0
113,113,147,1,Ouest,13,Carrefour,6.0,CENTRE DE SANTE SANS LIT,CENTRE DE SANTE SANS LIT,4,2.0,,3.0,10.0
114,114,151,1,Ouest,13,Carrefour,6.0,CENTRE DE SANTE SANS LIT,CENTRE DE SANTE SANS LIT,4,2.0,,3.0,8.0
115,115,152,1,Ouest,13,Carrefour,6.0,CENTRE DE SANTE SANS LIT,CENTRE DE SANTE SANS LIT,4,1.0,8.0,3.0,13.0
116,116,156,1,Ouest,13,Carrefour,5.0,CENTRE DE SANTE AVEC LIT,CENTRE DE SANTE AVEC LIT,3,2.0,6.0,3.0,6.0
117,117,158,1,Ouest,13,Carrefour,7.0,DISPENSAIRE,DISPENSAIRE,2,1.0,,3.0,19.0
118,118,159,1,Ouest,13,Carrefour,6.0,CENTRE DE SANTE SANS LIT,CENTRE DE SANTE SANS LIT,3,1.0,,3.0,5.0
119,119,160,1,Ouest,13,Carrefour,6.0,CENTRE DE SANTE SANS LIT,CENTRE DE SANTE SANS LIT,3,1.0,,3.0,16.0
120,120,161,1,Ouest,13,Carrefour,6.0,CENTRE DE SANTE SANS LIT,CENTRE DE SANTE SANS LIT,3,2.0,,3.0,4.0
121,121,162,1,Ouest,13,Carrefour,7.0,DISPENSAIRE,DISPENSAIRE,1,2.0,2.0,3.0,37.0
122,122,163,1,Ouest,13,Carrefour,6.0,CENTRE DE SANTE SANS LIT,CENTRE DE SANTE SANS LIT,2,1.0,,3.0,10.0
123,123,164,1,Ouest,13,Carrefour,6.0,CENTRE DE SANTE SANS LIT,CENTRE DE SANTE SANS LIT,3,2.0,,3.0,6.0
124,124,165,1,Ouest,13,Carrefour,7.0,DISPENSAIRE,DISPENSAIRE,1,2.0,,3.0,2.0
125,125,168,1,Ouest,13,Carrefour,6.0,CENTRE DE SANTE SANS LIT,CENTRE DE SANTE SANS LIT,3,1.0,,3.0,6.0
126,126,173,1,Ouest,13,Carrefour,3.0,HOPITAL,HOPITAL COMMUNAUTAIRE DE REFERENCE,1,1.0,49.0,3.0,135.0
127,127,175,1,Ouest,14,P!tion-ville,4.0,HOPITAL,AUTRES HOPITAUX,3,1.0,9.0,3.0,39.0
128,128,176,1,Ouest,14,P!tion-ville,6.0,CENTRE DE SANTE SANS LIT,CENTRE DE SANTE SANS LIT,4,1.0,,3.0,7.0
129,129,177,1,Ouest,14,P!tion-ville,6.0,CENTRE DE SANTE SANS LIT,CENTRE DE SANTE SANS LIT,3,2.0,,3.0,20.0
130,130,179,1,Ouest,14,P!tion-ville,6.0,CENTRE DE SANTE SANS LIT,CENTRE DE SANTE SANS LIT,4,1.0,,3.0,36.0
131,131,180,1,Ouest,14,P!tion-ville,4.0,HOPITAL,AUTRES HOPITAUX,3,,,,
132,132,181,1,Ouest,14,P!tion-ville,3.0,HOPITAL,HOPITAL COMMUNAUTAIRE DE REFERENCE,1,1.0,26.0,3.0,43.0
133,133,182,1,Ouest,14,P!tion-ville,6.0,CENTRE DE SANTE SANS LIT,CENTRE DE SANTE SANS LIT,1,1.0,,3.0,14.0
134,134,183,1,Ouest,14,P!tion-ville,4.0,HOPITAL,AUTRES HOPITAUX,3,1.0,7.0,3.0,20.0
135,135,184,1,Ouest,14,P!tion-ville,6.0,CENTRE DE SANTE SANS LIT,CENTRE DE SANTE SANS LIT,4,1.0,,3.0,10.0
136,136,186,1,Ouest,14,P!tion-ville,4.0,HOPITAL,AUTRES HOPITAUX,3,1.0,8.0,3.0,24.0
137,137,187,1,Ouest,14,P!tion-ville,6.0,CENTRE DE SANTE SANS LIT,CENTRE DE SANTE SANS LIT,3,2.0,,3.0,4.0
138,138,188,1,Ouest,14,P!tion-ville,6.0,CENTRE DE SANTE SANS LIT,CENTRE DE SANTE SANS LIT,3,1.0,3.0,3.0,4.0
139,139,190,1,Ouest,14,P!tion-ville,6.0,CENTRE DE SANTE SANS LIT,CENTRE DE SANTE SANS LIT,3,1.0,4.0,3.0,13.0
140,140,191,1,Ouest,14,P!tion-ville,3.0,HOPITAL,HOPITAL COMMUNAUTAIRE DE REFERENCE,3,1.0,63.0,3.0,117.0
141,141,192,1,Ouest,14,P!tion-ville,6.0,CENTRE DE SANTE SANS LIT,CENTRE DE SANTE SANS LIT,1,1.0,,3.0,10.0
142,142,193,1,Ouest,14,P!tion-ville,7.0,DISPENSAIRE,DISPENSAIRE,3,2.0,4.0,3.0,19.0
143,143,196,1,Ouest,14,P!tion-ville,7.0,DISPENSAIRE,DISPENSAIRE,4,1.0,,3.0,8.0
144,144,197,1,Ouest,14,P!tion-ville,6.0,CENTRE DE SANTE SANS LIT,CENTRE DE SANTE SANS LIT,4,1.0,,3.0,6.0
145,145,200,1,Ouest,14,P!tion-ville,6.0,CENTRE DE SANTE SANS LIT,CENTRE DE SANTE SANS LIT,4,1.0,,3.0,17.0
146,146,202,1,Ouest,14,P!tion-ville,6.0,CENTRE DE SANTE SANS LIT,CENTRE DE SANTE SANS LIT,3,1.0,4.0,3.0,7.0
147,147,204,1,Ouest,14,P!tion-ville,6.0,CENTRE DE SANTE SANS LIT,CENTRE DE SANTE SANS LIT,3,1.0,4.0,3.0,14.0
148,148,205,1,Ouest,14,P!tion-ville,6.0,CENTRE DE SANTE SANS LIT,CENTRE DE SANTE SANS LIT,3,1.0,,3.0,5.0
149,149,207,1,Ouest,14,P!tion-ville,6.0,CENTRE DE SANTE SANS LIT,CENTRE DE SANTE SANS LIT,3,2.0,2.0,3.0,10.0
150,150,209,1,Ouest,15,Kenscoff,7.0,DISPENSAIRE,DISPENSAIRE,3,2.0,,3.0,8.0
151,151,211,1,Ouest,15,Kenscoff,6.0,CENTRE DE SANTE SANS LIT,CENTRE DE SANTE SANS LIT,1,1.0,,3.0,13.0
152,152,212,1,Ouest,15,Kenscoff,7.0,DISPENSAIRE,DISPENSAIRE,1,2.0,,3.0,6.0
153,153,213,1,Ouest,15,Kenscoff,4.0,HOPITAL,AUTRES HOPITAUX,4,1.0,64.0,3.0,87.0
154,154,214,1,Ouest,15,Kenscoff,7.0,DISPENSAIRE,DISPENSAIRE,2,2.0,,3.0,4.0
155,155,215,1,Ouest,15,Kenscoff,7.0,DISPENSAIRE,DISPENSAIRE,4,2.0,,3.0,6.0
156,156,216,1,Ouest,15,Kenscoff,7.0,DISPENSAIRE,DISPENSAIRE,3,2.0,,3.0,10.0
157,157,217,1,Ouest,15,Kenscoff,7.0,DISPENSAIRE,DISPENSAIRE,3,2.0,,3.0,6.0
158,158,218,1,Ouest,15,Kenscoff,7.0,DISPENSAIRE,DISPENSAIRE,1,2.0,,3.0,1.0
159,159,219,1,Ouest,15,Kenscoff,7.0,DISPENSAIRE,DISPENSAIRE,3,2.0,,3.0,1.0
160,160,220,1,Ouest,16,Gressier,5.0,CENTRE DE SANTE AVEC LIT,CENTRE DE SANTE AVEC LIT,3,2.0,2.0,3.0,8.0
161,161,221,1,Ouest,16,Gressier,6.0,CENTRE DE SANTE SANS LIT,CENTRE DE SANTE SANS LIT,3,2.0,,3.0,5.0
162,162,222,1,Ouest,16,Gressier,5.0,CENTRE DE SANTE AVEC LIT,CENTRE DE SANTE AVEC LIT,1,1.0,14.0,3.0,51.0
163,163,223,1,Ouest,16,Gressier,7.0,DISPENSAIRE,DISPENSAIRE,2,2.0,,3.0,7.0
164,164,225,1,Ouest,16,Gressier,6.0,CENTRE DE SANTE SANS LIT,CENTRE DE SANTE SANS LIT,3,,,,
165,165,226,1,Ouest,16,Gressier,6.0,CENTRE DE SANTE SANS LIT,CENTRE DE SANTE SANS LIT,2,1.0,,1.0,13.0
166,166,228,1,Ouest,16,Gressier,6.0,CENTRE DE SANTE SANS LIT,CENTRE DE SANTE SANS LIT,2,2.0,,3.0,6.0
167,167,231,1,Ouest,16,Gressier,7.0,DISPENSAIRE,DISPENSAIRE,3,1.0,25.0,3.0,11.0
168,168,233,1,Ouest,16,Gressier,5.0,CENTRE DE SANTE AVEC LIT,CENTRE DE SANTE AVEC LIT,3,2.0,,3.0,9.0
169,169,236,1,Ouest,21,L!og!ne,7.0,DISPENSAIRE,DISPENSAIRE,3,2.0,,3.0,5.0
170,170,237,1,Ouest,21,L!og!ne,7.0,DISPENSAIRE,DISPENSAIRE,3,2.0,,3.0,4.0
171,171,238,1,Ouest,21,L!og!ne,6.0,CENTRE DE SANTE SANS LIT,CENTRE DE SANTE SANS LIT,4,2.0,,3.0,5.0
172,172,239,1,Ouest,21,L!og!ne,6.0,CENTRE DE SANTE SANS LIT,CENTRE DE SANTE SANS LIT,4,2.0,,3.0,5.0
173,173,240,1,Ouest,21,L!og!ne,5.0,CENTRE DE SANTE AVEC LIT,CENTRE DE SANTE AVEC LIT,1,1.0,3.0,3.0,9.0
174,174,241,1,Ouest,21,L!og!ne,6.0,CENTRE DE SANTE SANS LIT,CENTRE DE SANTE SANS LIT,3,1.0,,3.0,4.0
175,175,242,1,Ouest,21,L!og!ne,3.0,HOPITAL,HOPITAL COMMUNAUTAIRE DE REFERENCE,1,1.0,100.0,1.0,89.0
176,176,244,1,Ouest,21,L!og!ne,6.0,CENTRE DE SANTE SANS LIT,CENTRE DE SANTE SANS LIT,1,1.0,,1.0,17.0
177,177,245,1,Ouest,21,L!og!ne,3.0,HOPITAL,HOPITAL COMMUNAUTAIRE DE REFERENCE,3,,,,
178,178,246,1,Ouest,21,L!og!ne,5.0,CENTRE DE SANTE AVEC LIT,CENTRE DE SANTE AVEC LIT,1,,,,
179,179,247,1,Ouest,21,L!og!ne,6.0,CENTRE DE SANTE SANS LIT,CENTRE DE SANTE SANS LIT,2,1.0,,3.0,5.0
180,180,248,1,Ouest,21,L!og!ne,6.0,CENTRE DE SANTE SANS LIT,CENTRE DE SANTE SANS LIT,4,1.0,,3.0,9.0
181,181,250,1,Ouest,21,L!og!ne,6.0,CENTRE DE SANTE SANS LIT,CENTRE DE SANTE SANS LIT,4,1.0,,3.0,5.0
182,182,252,1,Ouest,21,L!og!ne,4.0,HOPITAL,AUTRES HOPITAUX,3,1.0,16.0,1.0,32.0
183,183,254,1,Ouest,21,L!og!ne,6.0,CENTRE DE SANTE SANS LIT,CENTRE DE SANTE SANS LIT,3,2.0,,3.0,6.0
184,184,258,1,Ouest,21,L!og!ne,4.0,HOPITAL,AUTRES HOPITAUX,1,1.0,60.0,3.0,35.0
185,185,259,1,Ouest,21,L!og!ne,7.0,DISPENSAIRE,DISPENSAIRE,4,2.0,1.0,3.0,11.0
186,186,261,1,Ouest,22,Petit-Go!ve,3.0,HOPITAL,HOPITAL COMMUNAUTAIRE DE REFERENCE,1,1.0,72.0,1.0,87.0
187,187,263,1,Ouest,22,Petit-Go!ve,7.0,DISPENSAIRE,DISPENSAIRE,2,2.0,,3.0,1.0
188,188,264,1,Ouest,22,Petit-Go!ve,6.0,CENTRE DE SANTE SANS LIT,CENTRE DE SANTE SANS LIT,1,1.0,4.0,3.0,8.0
189,189,265,1,Ouest,22,Petit-Go!ve,6.0,CENTRE DE SANTE SANS LIT,CENTRE DE SANTE SANS LIT,1,1.0,3.0,3.0,3.0
190,190,266,1,Ouest,22,Petit-Go!ve,7.0,DISPENSAIRE,DISPENSAIRE,1,1.0,2.0,3.0,12.0
191,191,267,1,Ouest,22,Petit-Go!ve,6.0,CENTRE DE SANTE SANS LIT,CENTRE DE SANTE SANS LIT,3,1.0,2.0,3.0,18.0
192,192,269,1,Ouest,22,Petit-Go!ve,6.0,CENTRE DE SANTE SANS LIT,CENTRE DE SANTE SANS LIT,4,1.0,4.0,1.0,52.0
193,193,270,1,Ouest,22,Petit-Go!ve,6.0,CENTRE DE SANTE SANS LIT,CENTRE DE SANTE SANS LIT,3,1.0,4.0,3.0,9.0
194,194,272,1,Ouest,23,Grand-Go!ve,3.0,HOPITAL,HOPITAL COMMUNAUTAIRE DE REFERENCE,1,1.0,13.0,1.0,39.0
195,195,273,1,Ouest,23,Grand-Go!ve,7.0,DISPENSAIRE,DISPENSAIRE,1,2.0,2.0,3.0,12.0
196,196,274,1,Ouest,23,Grand-Go!ve,5.0,CENTRE DE SANTE AVEC LIT,CENTRE DE SANTE AVEC LIT,1,2.0,,3.0,2.0
197,197,275,1,Ouest,23,Grand-Go!ve,7.0,DISPENSAIRE,DISPENSAIRE,1,2.0,,3.0,3.0
198,198,276,1,Ouest,23,Grand-Go!ve,7.0,DISPENSAIRE,DISPENSAIRE,1,2.0,,3.0,3.0
199,199,277,1,Ouest,31,Croix-des-Bouquets,6.0,CENTRE DE SANTE SANS LIT,CENTRE DE SANTE SANS LIT,2,1.0,2.0,3.0,7.0
200,200,278,1,Ouest,31,Croix-des-Bouquets,4.0,HOPITAL,AUTRES HOPITAUX,3,1.0,90.0,1.0,94.0
201,201,279,1,Ouest,31,Croix-des-Bouquets,6.0,CENTRE DE SANTE SANS LIT,CENTRE DE SANTE SANS LIT,2,1.0,,3.0,25.0
202,202,280,1,Ouest,31,Croix-des-Bouquets,6.0,CENTRE DE SANTE SANS LIT,CENTRE DE SANTE SANS LIT,2,1.0,,3.0,19.0
203,203,281,1,Ouest,31,Croix-des-Bouquets,4.0,HOPITAL,AUTRES HOPITAUX,2,1.0,11.0,3.0,21.0
204,204,282,1,Ouest,31,Croix-des-Bouquets,5.0,CENTRE DE SANTE AVEC LIT,CENTRE DE SANTE AVEC LIT,4,1.0,5.0,3.0,26.0
205,205,283,1,Ouest,31,Croix-des-Bouquets,6.0,CENTRE DE SANTE SANS LIT,CENTRE DE SANTE SANS LIT,2,1.0,,3.0,3.0
206,206,284,1,Ouest,31,Croix-des-Bouquets,7.0,DISPENSAIRE,DISPENSAIRE,2,1.0,,3.0,6.0
207,207,285,1,Ouest,31,Croix-des-Bouquets,5.0,CENTRE DE SANTE AVEC LIT,CENTRE DE SANTE AVEC LIT,3,1.0,26.0,1.0,55.0
208,208,286,1,Ouest,31,Croix-des-Bouquets,6.0,CENTRE DE SANTE SANS LIT,CENTRE DE SANTE SANS LIT,4,2.0,,3.0,11.0
209,209,287,1,Ouest,31,Croix-des-Bouquets,4.0,HOPITAL,AUTRES HOPITAUX,3,1.0,10.0,3.0,30.0
210,210,288,1,Ouest,31,Croix-des-Bouquets,4.0,HOPITAL,AUTRES HOPITAUX,3,1.0,22.0,1.0,48.0
211,211,289,1,Ouest,31,Croix-des-Bouquets,6.0,CENTRE DE SANTE SANS LIT,CENTRE DE SANTE SANS LIT,4,1.0,5.0,3.0,9.0
212,212,291,1,Ouest,31,Croix-des-Bouquets,5.0,CENTRE DE SANTE AVEC LIT,CENTRE DE SANTE AVEC LIT,3,1.0,5.0,3.0,18.0
213,213,294,1,Ouest,31,Croix-des-Bouquets,5.0,CENTRE DE SANTE AVEC LIT,CENTRE DE SANTE AVEC LIT,2,1.0,24.0,3.0,14.0
214,214,295,1,Ouest,31,Croix-des-Bouquets,6.0,CENTRE DE SANTE SANS LIT,CENTRE DE SANTE SANS LIT,2,1.0,10.0,3.0,13.0
215,215,296,1,Ouest,31,Croix-des-Bouquets,5.0,CENTRE DE SANTE AVEC LIT,CENTRE DE SANTE AVEC LIT,3,1.0,3.0,3.0,3.0
216,216,297,1,Ouest,31,Croix-des-Bouquets,5.0,CENTRE DE SANTE AVEC LIT,CENTRE DE SANTE AVEC LIT,1,1.0,2.0,1.0,50.0
217,217,299,1,Ouest,31,Croix-des-Bouquets,6.0,CENTRE DE SANTE SANS LIT,CENTRE DE SANTE SANS LIT,2,2.0,,1.0,31.0
218,218,301,1,Ouest,31,Croix-des-Bouquets,5.0,CENTRE DE SANTE AVEC LIT,CENTRE DE SANTE AVEC LIT,3,2.0,7.0,1.0,2.0
219,219,302,1,Ouest,31,Croix-des-Bouquets,6.0,CENTRE DE SANTE SANS LIT,CENTRE DE SANTE SANS LIT,4,1.0,,3.0,7.0
220,220,304,1,Ouest,31,Croix-des-Bouquets,5.0,CENTRE DE SANTE AVEC LIT,CENTRE DE SANTE AVEC LIT,3,1.0,1.0,1.0,9.0
221,221,305,1,Ouest,31,Croix-des-Bouquets,6.0,CENTRE DE SANTE SANS LIT,CENTRE DE SANTE SANS LIT,4,1.0,3.0,3.0,22.0
222,222,306,1,Ouest,31,Croix-des-Bouquets,5.0,CENTRE DE SANTE AVEC LIT,CENTRE DE SANTE AVEC LIT,3,1.0,,1.0,13.0
223,223,308,1,Ouest,31,Croix-des-Bouquets,6.0,CENTRE DE SANTE SANS LIT,CENTRE DE SANTE SANS LIT,3,2.0,3.0,3.0,14.0
224,224,309,1,Ouest,31,Croix-des-Bouquets,4.0,HOPITAL,AUTRES HOPITAUX,1,2.0,105.0,3.0,16.0
225,225,310,1,Ouest,31,Croix-des-Bouquets,3.0,HOPITAL,HOPITAL COMMUNAUTAIRE DE REFERENCE,1,1.0,36.0,3.0,100.0
226,226,312,1,Ouest,31,Croix-des-Bouquets,6.0,CENTRE DE SANTE SANS LIT,CENTRE DE SANTE SANS LIT,4,1.0,12.0,3.0,12.0
227,227,318,1,Ouest,31,Croix-des-Bouquets,3.0,HOPITAL,HOPITAL COMMUNAUTAIRE DE REFERENCE,1,1.0,44.0,3.0,136.0
228,228,319,1,Ouest,32,Thomazeau,5.0,CENTRE DE SANTE AVEC LIT,CENTRE DE SANTE AVEC LIT,1,1.0,10.0,3.0,47.0
229,229,320,1,Ouest,32,Thomazeau,6.0,CENTRE DE SANTE SANS LIT,CENTRE DE SANTE SANS LIT,2,2.0,,1.0,4.0
230,230,321,1,Ouest,33,Ganthier,5.0,CENTRE DE SANTE AVEC LIT,CENTRE DE SANTE AVEC LIT,2,2.0,,3.0,4.0
231,231,322,1,Ouest,33,Ganthier,7.0,DISPENSAIRE,DISPENSAIRE,2,2.0,,3.0,2.0
232,232,324,1,Ouest,33,Ganthier,6.0,CENTRE DE SANTE SANS LIT,CENTRE DE SANTE SANS LIT,3,1.0,6.0,3.0,22.0
233,233,325,1,Ouest,33,Ganthier,6.0,CENTRE DE SANTE SANS LIT,CENTRE DE SANTE SANS LIT,1,2.0,,3.0,7.0
234,234,326,1,Ouest,33,Ganthier,4.0,HOPITAL,AUTRES HOPITAUX,3,1.0,24.0,1.0,30.0
235,235,327,1,Ouest,33,Ganthier,6.0,CENTRE DE SANTE SANS LIT,CENTRE DE SANTE SANS LIT,2,1.0,,1.0,19.0
236,236,328,1,Ouest,33,Ganthier,6.0,CENTRE DE SANTE SANS LIT,CENTRE DE SANTE SANS LIT,2,2.0,,3.0,2.0
237,237,329,1,Ouest,33,Ganthier,6.0,CENTRE DE SANTE SANS LIT,CENTRE DE SANTE SANS LIT,1,1.0,,3.0,7.0
238,238,330,1,Ouest,34,Cornillon,7.0,DISPENSAIRE,DISPENSAIRE,1,2.0,,3.0,4.0
239,239,331,1,Ouest,34,Cornillon,5.0,CENTRE DE SANTE AVEC LIT,CENTRE DE SANTE AVEC LIT,2,2.0,10.0,1.0,26.0
240,240,332,1,Ouest,34,Cornillon,6.0,CENTRE DE SANTE SANS LIT,CENTRE DE SANTE SANS LIT,1,1.0,2.0,3.0,43.0
241,241,333,1,Ouest,35,Fonds-Verrettes,7.0,DISPENSAIRE,DISPENSAIRE,3,2.0,3.0,2.0,2.0
242,242,335,1,Ouest,35,Fonds-Verrettes,7.0,DISPENSAIRE,DISPENSAIRE,2,2.0,1.0,3.0,3.0
243,243,336,1,Ouest,35,Fonds-Verrettes,5.0,CENTRE DE SANTE AVEC LIT,CENTRE DE SANTE AVEC LIT,1,2.0,3.0,3.0,16.0
244,244,339,1,Ouest,41,Arcahaie,4.0,HOPITAL,AUTRES HOPITAUX,3,1.0,15.0,3.0,29.0
245,245,342,1,Ouest,41,Arcahaie,7.0,DISPENSAIRE,DISPENSAIRE,3,1.0,3.0,3.0,3.0
246,246,345,1,Ouest,41,Arcahaie,3.0,HOPITAL,HOPITAL COMMUNAUTAIRE DE REFERENCE,1,1.0,20.0,3.0,45.0
247,247,346,1,Ouest,41,Arcahaie,6.0,CENTRE DE SANTE SANS LIT,CENTRE DE SANTE SANS LIT,2,1.0,3.0,3.0,64.0
248,248,348,1,Ouest,41,Arcahaie,7.0,DISPENSAIRE,DISPENSAIRE,1,1.0,,3.0,6.0
249,249,349,1,Ouest,41,Arcahaie,7.0,DISPENSAIRE,DISPENSAIRE,2,1.0,,3.0,11.0
250,250,350,1,Ouest,41,Arcahaie,6.0,CENTRE DE SANTE SANS LIT,CENTRE DE SANTE SANS LIT,4,1.0,1.0,3.0,18.0
251,251,352,1,Ouest,41,Arcahaie,6.0,CENTRE DE SANTE SANS LIT,CENTRE DE SANTE SANS LIT,2,1.0,15.0,3.0,9.0
252,252,353,1,Ouest,41,Arcahaie,7.0,DISPENSAIRE,DISPENSAIRE,1,1.0,,3.0,25.0
253,253,354,1,Ouest,42,Cabaret,6.0,CENTRE DE SANTE SANS LIT,CENTRE DE SANTE SANS LIT,3,1.0,5.0,3.0,4.0
254,254,355,1,Ouest,42,Cabaret,6.0,CENTRE DE SANTE SANS LIT,CENTRE DE SANTE SANS LIT,1,1.0,,3.0,22.0
255,255,356,1,Ouest,42,Cabaret,6.0,CENTRE DE SANTE SANS LIT,CENTRE DE SANTE SANS LIT,2,1.0,,3.0,29.0
256,256,357,1,Ouest,42,Cabaret,6.0,CENTRE DE SANTE SANS LIT,CENTRE DE SANTE SANS LIT,3,1.0,40.0,3.0,13.0
257,257,358,1,Ouest,42,Cabaret,6.0,CENTRE DE SANTE SANS LIT,CENTRE DE SANTE SANS LIT,1,1.0,,3.0,23.0
258,258,359,1,Ouest,42,Cabaret,6.0,CENTRE DE SANTE SANS LIT,CENTRE DE SANTE SANS LIT,3,1.0,,3.0,20.0
259,259,360,1,Ouest,42,Cabaret,6.0,CENTRE DE SANTE SANS LIT,CENTRE DE SANTE SANS LIT,3,1.0,2.0,3.0,3.0
260,260,361,1,Ouest,42,Cabaret,5.0,CENTRE DE SANTE AVEC LIT,CENTRE DE SANTE AVEC LIT,4,1.0,,3.0,7.0
261,261,362,1,Ouest,42,Cabaret,6.0,CENTRE DE SANTE SANS LIT,CENTRE DE SANTE SANS LIT,4,1.0,,1.0,16.0
262,262,367,1,Ouest,51,Anse-!-Galets,5.0,CENTRE DE SANTE AVEC LIT,CENTRE DE SANTE AVEC LIT,4,1.0,4.0,3.0,31.0
263,263,368,1,Ouest,51,Anse-!-Galets,3.0,HOPITAL,HOPITAL COMMUNAUTAIRE DE REFERENCE,4,1.0,50.0,1.0,51.0
264,264,369,1,Ouest,51,Anse-!-Galets,5.0,CENTRE DE SANTE AVEC LIT,CENTRE DE SANTE AVEC LIT,3,1.0,5.0,3.0,10.0
265,265,370,1,Ouest,51,Anse-!-Galets,6.0,CENTRE DE SANTE SANS LIT,CENTRE DE SANTE SANS LIT,4,2.0,1.0,3.0,4.0
266,266,372,1,Ouest,51,Anse-!-Galets,6.0,CENTRE DE SANTE SANS LIT,CENTRE DE SANTE SANS LIT,1,2.0,,3.0,1.0
267,267,373,1,Ouest,51,Anse-!-Galets,7.0,DISPENSAIRE,DISPENSAIRE,2,1.0,4.0,3.0,3.0
268,268,375,1,Ouest,51,Anse-!-Galets,7.0,DISPENSAIRE,DISPENSAIRE,3,2.0,3.0,3.0,4.0
269,269,377,1,Ouest,52,Pointe-!-Raquettes,7.0,DISPENSAIRE,DISPENSAIRE,2,2.0,,3.0,5.0
270,270,378,1,Ouest,52,Pointe-!-Raquettes,7.0,DISPENSAIRE,DISPENSAIRE,4,2.0,4.0,3.0,1.0
271,271,379,1,Ouest,52,Pointe-!-Raquettes,5.0,CENTRE DE SANTE AVEC LIT,CENTRE DE SANTE AVEC LIT,4,1.0,7.0,3.0,9.0
272,272,380,1,Ouest,52,Pointe-!-Raquettes,5.0,CENTRE DE SANTE AVEC LIT,CENTRE DE SANTE AVEC LIT,2,1.0,3.0,2.0,6.0
273,273,381,1,Ouest,52,Pointe-!-Raquettes,7.0,DISPENSAIRE,DISPENSAIRE,1,2.0,4.0,3.0,3.0
274,274,382,1,Ouest,52,Pointe-!-Raquettes,6.0,CENTRE DE SANTE SANS LIT,CENTRE DE SANTE SANS LIT,3,,,,
275,275,384,2,Sud'est,11,Jacmel,7.0,DISPENSAIRE,DISPENSAIRE,1,2.0,1.0,3.0,1.0
276,276,385,2,Sud'est,11,Jacmel,7.0,DISPENSAIRE,DISPENSAIRE,1,1.0,,3.0,2.0
277,277,386,2,Sud'est,11,Jacmel,7.0,DISPENSAIRE,DISPENSAIRE,2,2.0,2.0,3.0,3.0
278,278,387,2,Sud'est,11,Jacmel,7.0,DISPENSAIRE,DISPENSAIRE,1,2.0,,3.0,4.0
279,279,388,2,Sud'est,11,Jacmel,4.0,HOPITAL,AUTRES HOPITAUX,3,1.0,15.0,3.0,19.0
280,280,390,2,Sud'est,11,Jacmel,6.0,CENTRE DE SANTE SANS LIT,CENTRE DE SANTE SANS LIT,1,1.0,1.0,3.0,4.0
281,281,391,2,Sud'est,11,Jacmel,6.0,CENTRE DE SANTE SANS LIT,CENTRE DE SANTE SANS LIT,1,1.0,,3.0,6.0
282,282,392,2,Sud'est,11,Jacmel,6.0,CENTRE DE SANTE SANS LIT,CENTRE DE SANTE SANS LIT,1,2.0,3.0,3.0,7.0
283,283,394,2,Sud'est,11,Jacmel,5.0,CENTRE DE SANTE AVEC LIT,CENTRE DE SANTE AVEC LIT,2,1.0,12.0,2.0,17.0
284,284,395,2,Sud'est,11,Jacmel,6.0,CENTRE DE SANTE SANS LIT,CENTRE DE SANTE SANS LIT,2,1.0,,3.0,7.0
285,285,396,2,Sud'est,11,Jacmel,6.0,CENTRE DE SANTE SANS LIT,CENTRE DE SANTE SANS LIT,2,1.0,2.0,1.0,9.0
286,286,397,2,Sud'est,11,Jacmel,5.0,CENTRE DE SANTE AVEC LIT,CENTRE DE SANTE AVEC LIT,3,2.0,,3.0,6.0
287,287,400,2,Sud'est,11,Jacmel,6.0,CENTRE DE SANTE SANS LIT,CENTRE DE SANTE SANS LIT,1,2.0,4.0,3.0,4.0
288,288,401,2,Sud'est,11,Jacmel,6.0,CENTRE DE SANTE SANS LIT,CENTRE DE SANTE SANS LIT,2,2.0,2.0,3.0,10.0
289,289,402,2,Sud'est,11,Jacmel,2.0,HOPITAL,HOPITAL DEPARTEMENTAL,1,1.0,85.0,3.0,172.0
290,290,403,2,Sud'est,11,Jacmel,6.0,CENTRE DE SANTE SANS LIT,CENTRE DE SANTE SANS LIT,2,1.0,,3.0,6.0
291,291,404,2,Sud'est,11,Jacmel,7.0,DISPENSAIRE,DISPENSAIRE,1,1.0,,3.0,1.0
292,292,405,2,Sud'est,11,Jacmel,7.0,DISPENSAIRE,DISPENSAIRE,3,2.0,,3.0,2.0
293,293,407,2,Sud'est,12,Marigot,6.0,CENTRE DE SANTE SANS LIT,CENTRE DE SANTE SANS LIT,1,1.0,5.0,1.0,29.0
294,294,409,2,Sud'est,12,Marigot,7.0,DISPENSAIRE,DISPENSAIRE,1,1.0,3.0,3.0,5.0
295,295,410,2,Sud'est,12,Marigot,6.0,CENTRE DE SANTE SANS LIT,CENTRE DE SANTE SANS LIT,3,1.0,5.0,3.0,14.0
296,296,411,2,Sud'est,13,Cayes-Jacmel,3.0,HOPITAL,HOPITAL COMMUNAUTAIRE DE REFERENCE,1,1.0,8.0,1.0,31.0
297,297,412,2,Sud'est,13,Cayes-Jacmel,5.0,CENTRE DE SANTE AVEC LIT,CENTRE DE SANTE AVEC LIT,2,1.0,12.0,3.0,11.0
298,298,413,2,Sud'est,13,Cayes-Jacmel,5.0,CENTRE DE SANTE AVEC LIT,CENTRE DE SANTE AVEC LIT,1,2.0,,3.0,4.0
299,299,414,2,Sud'est,13,Cayes-Jacmel,7.0,DISPENSAIRE,DISPENSAIRE,1,1.0,,3.0,4.0
300,300,416,2,Sud'est,14,La Vall!e,5.0,CENTRE DE SANTE AVEC LIT,CENTRE DE SANTE AVEC LIT,1,1.0,14.0,3.0,20.0
301,301,418,2,Sud'est,21,Bainet,7.0,DISPENSAIRE,DISPENSAIRE,4,2.0,,3.0,7.0
302,302,419,2,Sud'est,21,Bainet,7.0,DISPENSAIRE,DISPENSAIRE,1,2.0,,3.0,5.0
303,303,420,2,Sud'est,21,Bainet,7.0,DISPENSAIRE,DISPENSAIRE,1,2.0,,3.0,5.0
304,304,421,2,Sud'est,21,Bainet,5.0,CENTRE DE SANTE AVEC LIT,CENTRE DE SANTE AVEC LIT,1,1.0,11.0,2.0,20.0
305,305,422,2,Sud'est,21,Bainet,7.0,DISPENSAIRE,DISPENSAIRE,1,2.0,,3.0,6.0
306,306,423,2,Sud'est,21,Bainet,7.0,DISPENSAIRE,DISPENSAIRE,1,2.0,,3.0,10.0
307,307,424,2,Sud'est,21,Bainet,7.0,DISPENSAIRE,DISPENSAIRE,3,1.0,,3.0,6.0
308,308,425,2,Sud'est,21,Bainet,7.0,DISPENSAIRE,DISPENSAIRE,1,2.0,,3.0,5.0
309,309,426,2,Sud'est,21,Bainet,6.0,CENTRE DE SANTE SANS LIT,CENTRE DE SANTE SANS LIT,1,2.0,1.0,3.0,7.0
310,310,427,2,Sud'est,22,C!tes-de-Fer,6.0,CENTRE DE SANTE SANS LIT,CENTRE DE SANTE SANS LIT,4,1.0,,3.0,24.0
311,311,429,2,Sud'est,22,C!tes-de-Fer,7.0,DISPENSAIRE,DISPENSAIRE,3,1.0,,3.0,3.0
312,312,431,2,Sud'est,22,C!tes-de-Fer,7.0,DISPENSAIRE,DISPENSAIRE,2,2.0,,3.0,2.0
313,313,432,2,Sud'est,22,C!tes-de-Fer,7.0,DISPENSAIRE,DISPENSAIRE,2,2.0,,3.0,4.0
314,314,433,2,Sud'est,22,C!tes-de-Fer,7.0,DISPENSAIRE,DISPENSAIRE,4,2.0,,3.0,7.0
315,315,434,2,Sud'est,22,C!tes-de-Fer,5.0,CENTRE DE SANTE AVEC LIT,CENTRE DE SANTE AVEC LIT,2,1.0,11.0,1.0,13.0
316,316,435,2,Sud'est,22,C!tes-de-Fer,6.0,CENTRE DE SANTE SANS LIT,CENTRE DE SANTE SANS LIT,1,,,,
317,317,436,2,Sud'est,22,C!tes-de-Fer,7.0,DISPENSAIRE,DISPENSAIRE,4,2.0,,3.0,1.0
318,318,439,2,Sud'est,31,Belle-Anse,6.0,CENTRE DE SANTE SANS LIT,CENTRE DE SANTE SANS LIT,2,1.0,,3.0,8.0
319,319,441,2,Sud'est,31,Belle-Anse,6.0,CENTRE DE SANTE SANS LIT,CENTRE DE SANTE SANS LIT,1,2.0,,3.0,4.0
320,320,442,2,Sud'est,31,Belle-Anse,5.0,CENTRE DE SANTE AVEC LIT,CENTRE DE SANTE AVEC LIT,1,1.0,3.0,1.0,13.0
321,321,445,2,Sud'est,31,Belle-Anse,7.0,DISPENSAIRE,DISPENSAIRE,1,1.0,,3.0,5.0
322,322,447,2,Sud'est,32,Grand-Gosier,7.0,DISPENSAIRE,DISPENSAIRE,1,1.0,,3.0,5.0
323,323,448,2,Sud'est,32,Grand-Gosier,6.0,CENTRE DE SANTE SANS LIT,CENTRE DE SANTE SANS LIT,3,2.0,,3.0,1.0
324,324,451,2,Sud'est,33,Thiotte,7.0,DISPENSAIRE,DISPENSAIRE,4,1.0,,3.0,1.0
325,325,452,2,Sud'est,33,Thiotte,6.0,CENTRE DE SANTE SANS LIT,CENTRE DE SANTE SANS LIT,4,2.0,1.0,3.0,2.0
326,326,453,2,Sud'est,33,Thiotte,5.0,CENTRE DE SANTE AVEC LIT,CENTRE DE SANTE AVEC LIT,2,1.0,7.0,1.0,16.0
327,327,454,2,Sud'est,33,Thiotte,6.0,CENTRE DE SANTE SANS LIT,CENTRE DE SANTE SANS LIT,1,1.0,4.0,1.0,19.0
328,328,455,2,Sud'est,33,Thiotte,7.0,DISPENSAIRE,DISPENSAIRE,1,2.0,,3.0,4.0
329,329,456,2,Sud'est,33,Thiotte,7.0,DISPENSAIRE,DISPENSAIRE,1,2.0,2.0,3.0,5.0
330,330,458,2,Sud'est,34,Anse-!-Pitres,5.0,CENTRE DE SANTE AVEC LIT,CENTRE DE SANTE AVEC LIT,1,1.0,30.0,1.0,17.0
331,331,459,2,Sud'est,34,Anse-!-Pitres,7.0,DISPENSAIRE,DISPENSAIRE,1,2.0,,3.0,4.0
332,332,462,2,Sud'est,34,Anse-!-Pitres,5.0,CENTRE DE SANTE AVEC LIT,CENTRE DE SANTE AVEC LIT,3,2.0,3.0,3.0,6.0
333,333,463,3,Nord,11,Cap-Ha!tien,6.0,CENTRE DE SANTE SANS LIT,CENTRE DE SANTE SANS LIT,2,1.0,,3.0,16.0
334,334,465,3,Nord,11,Cap-Ha!tien,6.0,CENTRE DE SANTE SANS LIT,CENTRE DE SANTE SANS LIT,4,1.0,,3.0,13.0
335,335,466,3,Nord,11,Cap-Ha!tien,6.0,CENTRE DE SANTE SANS LIT,CENTRE DE SANTE SANS LIT,1,2.0,,3.0,3.0
336,336,467,3,Nord,11,Cap-Ha!tien,7.0,DISPENSAIRE,DISPENSAIRE,3,1.0,,3.0,7.0
337,337,469,3,Nord,11,Cap-Ha!tien,6.0,CENTRE DE SANTE SANS LIT,CENTRE DE SANTE SANS LIT,3,1.0,,3.0,4.0
338,338,470,3,Nord,11,Cap-Ha!tien,4.0,HOPITAL,AUTRES HOPITAUX,3,1.0,10.0,1.0,24.0
339,339,471,3,Nord,11,Cap-Ha!tien,6.0,CENTRE DE SANTE SANS LIT,CENTRE DE SANTE SANS LIT,2,1.0,,3.0,5.0
340,340,472,3,Nord,11,Cap-Ha!tien,6.0,CENTRE DE SANTE SANS LIT,CENTRE DE SANTE SANS LIT,3,1.0,,3.0,4.0
341,341,476,3,Nord,11,Cap-Ha!tien,1.0,HOPITAL,HOPITAL UNIVERSITAIRE,1,1.0,125.0,3.0,183.0
342,342,477,3,Nord,11,Cap-Ha!tien,6.0,CENTRE DE SANTE SANS LIT,CENTRE DE SANTE SANS LIT,4,1.0,,3.0,50.0
343,343,478,3,Nord,11,Cap-Ha!tien,7.0,DISPENSAIRE,DISPENSAIRE,3,1.0,,3.0,3.0
344,344,480,3,Nord,11,Cap-Ha!tien,3.0,HOPITAL,HOPITAL COMMUNAUTAIRE DE REFERENCE,4,1.0,7.0,2.0,53.0
345,345,481,3,Nord,11,Cap-Ha!tien,5.0,CENTRE DE SANTE AVEC LIT,CENTRE DE SANTE AVEC LIT,3,1.0,2.0,3.0,8.0
346,346,486,3,Nord,12,Quartier-Morin,5.0,CENTRE DE SANTE AVEC LIT,CENTRE DE SANTE AVEC LIT,1,1.0,,3.0,20.0
347,347,487,3,Nord,12,Quartier-Morin,3.0,HOPITAL,HOPITAL COMMUNAUTAIRE DE REFERENCE,3,1.0,90.0,1.0,109.0
348,348,488,3,Nord,12,Quartier-Morin,7.0,DISPENSAIRE,DISPENSAIRE,4,1.0,,3.0,9.0
349,349,489,3,Nord,12,Quartier-Morin,7.0,DISPENSAIRE,DISPENSAIRE,1,2.0,,3.0,4.0
350,350,490,3,Nord,12,Quartier-Morin,7.0,DISPENSAIRE,DISPENSAIRE,1,1.0,10.0,3.0,9.0
351,351,491,3,Nord,12,Quartier-Morin,7.0,DISPENSAIRE,DISPENSAIRE,3,2.0,,3.0,5.0
352,352,493,3,Nord,13,Limonade,6.0,CENTRE DE SANTE SANS LIT,CENTRE DE SANTE SANS LIT,4,1.0,,3.0,4.0
353,353,494,3,Nord,13,Limonade,6.0,CENTRE DE SANTE SANS LIT,CENTRE DE SANTE SANS LIT,3,1.0,8.0,3.0,14.0
354,354,495,3,Nord,13,Limonade,6.0,CENTRE DE SANTE SANS LIT,CENTRE DE SANTE SANS LIT,1,1.0,,3.0,25.0
355,355,496,3,Nord,13,Limonade,6.0,CENTRE DE SANTE SANS LIT,CENTRE DE SANTE SANS LIT,2,1.0,6.0,3.0,8.0
356,356,497,3,Nord,13,Limonade,6.0,CENTRE DE SANTE SANS LIT,CENTRE DE SANTE SANS LIT,3,1.0,,3.0,3.0
357,357,499,3,Nord,21,Acul-du-Nord,7.0,DISPENSAIRE,DISPENSAIRE,1,2.0,,3.0,8.0
358,358,501,3,Nord,21,Acul-du-Nord,6.0,CENTRE DE SANTE SANS LIT,CENTRE DE SANTE SANS LIT,3,1.0,,3.0,10.0
359,359,502,3,Nord,21,Acul-du-Nord,6.0,CENTRE DE SANTE SANS LIT,CENTRE DE SANTE SANS LIT,4,1.0,,3.0,19.0
360,360,503,3,Nord,21,Acul-du-Nord,6.0,CENTRE DE SANTE SANS LIT,CENTRE DE SANTE SANS LIT,3,1.0,,3.0,7.0
361,361,504,3,Nord,21,Acul-du-Nord,7.0,DISPENSAIRE,DISPENSAIRE,1,1.0,5.0,3.0,11.0
362,362,505,3,Nord,21,Acul-du-Nord,6.0,CENTRE DE SANTE SANS LIT,CENTRE DE SANTE SANS LIT,3,1.0,,3.0,8.0
363,363,508,3,Nord,21,Acul-du-Nord,7.0,DISPENSAIRE,DISPENSAIRE,1,1.0,,3.0,6.0
364,364,511,3,Nord,22,Plaine-du-Nord,7.0,DISPENSAIRE,DISPENSAIRE,4,1.0,,3.0,5.0
365,365,512,3,Nord,22,Plaine-du-Nord,6.0,CENTRE DE SANTE SANS LIT,CENTRE DE SANTE SANS LIT,3,1.0,15.0,3.0,43.0
366,366,513,3,Nord,22,Plaine-du-Nord,3.0,HOPITAL,HOPITAL COMMUNAUTAIRE DE REFERENCE,3,1.0,16.0,1.0,24.0
367,367,514,3,Nord,22,Plaine-du-Nord,3.0,HOPITAL,HOPITAL COMMUNAUTAIRE DE REFERENCE,3,1.0,25.0,1.0,22.0
368,368,515,3,Nord,22,Plaine-du-Nord,3.0,HOPITAL,HOPITAL COMMUNAUTAIRE DE REFERENCE,3,1.0,15.0,1.0,21.0
369,369,516,3,Nord,22,Plaine-du-Nord,7.0,DISPENSAIRE,DISPENSAIRE,1,1.0,,3.0,8.0
370,370,517,3,Nord,22,Plaine-du-Nord,6.0,CENTRE DE SANTE SANS LIT,CENTRE DE SANTE SANS LIT,2,1.0,,3.0,24.0
371,371,518,3,Nord,22,Plaine-du-Nord,6.0,CENTRE DE SANTE SANS LIT,CENTRE DE SANTE SANS LIT,4,1.0,,3.0,8.0
372,372,519,3,Nord,22,Plaine-du-Nord,6.0,CENTRE DE SANTE SANS LIT,CENTRE DE SANTE SANS LIT,4,1.0,,3.0,9.0
373,373,521,3,Nord,22,Plaine-du-Nord,6.0,CENTRE DE SANTE SANS LIT,CENTRE DE SANTE SANS LIT,2,1.0,15.0,3.0,11.0
374,374,522,3,Nord,22,Plaine-du-Nord,7.0,DISPENSAIRE,DISPENSAIRE,1,2.0,,3.0,4.0
375,375,523,3,Nord,23,Milot,7.0,DISPENSAIRE,DISPENSAIRE,3,1.0,,3.0,7.0
376,376,524,3,Nord,23,Milot,4.0,HOPITAL,AUTRES HOPITAUX,3,1.0,100.0,1.0,222.0
377,377,525,3,Nord,23,Milot,6.0,CENTRE DE SANTE SANS LIT,CENTRE DE SANTE SANS LIT,2,1.0,2.0,3.0,10.0
378,378,526,3,Nord,23,Milot,7.0,DISPENSAIRE,DISPENSAIRE,1,2.0,,3.0,6.0
379,379,527,3,Nord,31,Grande-Rivi!re,7.0,DISPENSAIRE,DISPENSAIRE,3,1.0,3.0,3.0,6.0
380,380,528,3,Nord,31,Grande-Rivi!re,7.0,DISPENSAIRE,DISPENSAIRE,3,1.0,2.0,3.0,3.0
381,381,529,3,Nord,31,Grande-Rivi!re,3.0,HOPITAL,HOPITAL COMMUNAUTAIRE DE REFERENCE,1,1.0,16.0,1.0,53.0
382,382,530,3,Nord,32,Bahon,6.0,CENTRE DE SANTE SANS LIT,CENTRE DE SANTE SANS LIT,1,1.0,4.0,3.0,10.0
383,383,531,3,Nord,32,Bahon,7.0,DISPENSAIRE,DISPENSAIRE,3,1.0,1.0,3.0,7.0
384,384,532,3,Nord,41,Saint-Rapha!l,5.0,CENTRE DE SANTE AVEC LIT,CENTRE DE SANTE AVEC LIT,1,1.0,12.0,3.0,34.0
385,385,533,3,Nord,41,Saint-Rapha!l,7.0,DISPENSAIRE,DISPENSAIRE,2,1.0,,3.0,8.0
386,386,535,3,Nord,42,Dondon,5.0,CENTRE DE SANTE AVEC LIT,CENTRE DE SANTE AVEC LIT,1,1.0,39.0,3.0,32.0
387,387,536,3,Nord,42,Dondon,7.0,DISPENSAIRE,DISPENSAIRE,3,1.0,,3.0,7.0
388,388,537,3,Nord,43,Ranquitte,5.0,CENTRE DE SANTE AVEC LIT,CENTRE DE SANTE AVEC LIT,1,1.0,5.0,3.0,13.0
389,389,538,3,Nord,43,Ranquitte,6.0,CENTRE DE SANTE SANS LIT,CENTRE DE SANTE SANS LIT,1,1.0,,3.0,5.0
390,390,540,3,Nord,44,Pignon,3.0,HOPITAL,HOPITAL COMMUNAUTAIRE DE REFERENCE,1,1.0,36.0,3.0,84.0
391,391,541,3,Nord,44,Pignon,7.0,DISPENSAIRE,DISPENSAIRE,2,1.0,,3.0,13.0
392,392,542,3,Nord,45,La Victoire,5.0,CENTRE DE SANTE AVEC LIT,CENTRE DE SANTE AVEC LIT,1,1.0,4.0,3.0,12.0
393,393,544,3,Nord,51,Borgne,7.0,DISPENSAIRE,DISPENSAIRE,1,2.0,2.0,3.0,7.0
394,394,545,3,Nord,51,Borgne,5.0,CENTRE DE SANTE AVEC LIT,CENTRE DE SANTE AVEC LIT,1,1.0,3.0,3.0,5.0
395,395,547,3,Nord,51,Borgne,5.0,CENTRE DE SANTE AVEC LIT,CENTRE DE SANTE AVEC LIT,4,1.0,40.0,3.0,68.0
396,396,548,3,Nord,52,Port-Margot,6.0,CENTRE DE SANTE SANS LIT,CENTRE DE SANTE SANS LIT,3,1.0,,3.0,17.0
397,397,549,3,Nord,52,Port-Margot,6.0,CENTRE DE SANTE SANS LIT,CENTRE DE SANTE SANS LIT,4,1.0,10.0,1.0,15.0
398,398,550,3,Nord,52,Port-Margot,7.0,DISPENSAIRE,DISPENSAIRE,1,,,,
399,399,551,3,Nord,52,Port-Margot,6.0,CENTRE DE SANTE SANS LIT,CENTRE DE SANTE SANS LIT,3,1.0,4.0,3.0,3.0
400,400,552,3,Nord,52,Port-Margot,5.0,CENTRE DE SANTE AVEC LIT,CENTRE DE SANTE AVEC LIT,2,1.0,6.0,3.0,15.0
401,401,553,3,Nord,52,Port-Margot,6.0,CENTRE DE SANTE SANS LIT,CENTRE DE SANTE SANS LIT,4,1.0,,3.0,4.0
402,402,554,3,Nord,52,Port-Margot,6.0,CENTRE DE SANTE SANS LIT,CENTRE DE SANTE SANS LIT,1,1.0,4.0,3.0,6.0
403,403,555,3,Nord,61,Limb!,5.0,CENTRE DE SANTE AVEC LIT,CENTRE DE SANTE AVEC LIT,4,1.0,24.0,3.0,12.0
404,404,557,3,Nord,61,Limb!,6.0,CENTRE DE SANTE SANS LIT,CENTRE DE SANTE SANS LIT,1,1.0,1.0,3.0,4.0
405,405,558,3,Nord,61,Limb!,6.0,CENTRE DE SANTE SANS LIT,CENTRE DE SANTE SANS LIT,3,1.0,,3.0,14.0
406,406,559,3,Nord,61,Limb!,4.0,HOPITAL,AUTRES HOPITAUX,3,1.0,45.0,3.0,32.0
407,407,560,3,Nord,61,Limb!,3.0,HOPITAL,HOPITAL COMMUNAUTAIRE DE REFERENCE,4,1.0,21.0,1.0,46.0
408,408,561,3,Nord,62,Bas-Limb!,7.0,DISPENSAIRE,DISPENSAIRE,1,1.0,,3.0,5.0
409,409,562,3,Nord,62,Bas-Limb!,6.0,CENTRE DE SANTE SANS LIT,CENTRE DE SANTE SANS LIT,3,1.0,,3.0,8.0
410,410,563,3,Nord,71,Plaisance,7.0,DISPENSAIRE,DISPENSAIRE,3,1.0,,3.0,7.0
411,411,564,3,Nord,71,Plaisance,7.0,DISPENSAIRE,DISPENSAIRE,2,2.0,,3.0,2.0
412,412,566,3,Nord,71,Plaisance,7.0,DISPENSAIRE,DISPENSAIRE,4,1.0,,3.0,7.0
413,413,567,3,Nord,72,Pilate,2.0,HOPITAL,HOPITAL DEPARTEMENTAL,2,1.0,72.0,1.0,82.0
414,414,568,3,Nord,72,Pilate,6.0,CENTRE DE SANTE SANS LIT,CENTRE DE SANTE SANS LIT,2,1.0,,3.0,9.0
415,415,569,4,Nord'Est,11,Fort-Libert!,2.0,HOPITAL,HOPITAL DEPARTEMENTAL,1,1.0,40.0,1.0,76.0
416,416,570,4,Nord'Est,11,Fort-Libert!,7.0,DISPENSAIRE,DISPENSAIRE,1,2.0,1.0,3.0,9.0
417,417,571,4,Nord'Est,11,Fort-Libert!,7.0,DISPENSAIRE,DISPENSAIRE,1,2.0,6.0,3.0,3.0
418,418,572,4,Nord'Est,11,Fort-Libert!,7.0,DISPENSAIRE,DISPENSAIRE,1,2.0,2.0,1.0,11.0
419,419,573,4,Nord'Est,12,Ferrier,7.0,DISPENSAIRE,DISPENSAIRE,1,1.0,,3.0,23.0
420,420,574,4,Nord'Est,12,Ferrier,7.0,DISPENSAIRE,DISPENSAIRE,1,2.0,1.0,3.0,5.0
421,421,575,4,Nord'Est,12,Ferrier,7.0,DISPENSAIRE,DISPENSAIRE,1,2.0,,3.0,1.0
422,422,576,4,Nord'Est,13,Perches,7.0,DISPENSAIRE,DISPENSAIRE,1,2.0,,3.0,18.0
423,423,577,4,Nord'Est,13,Perches,7.0,DISPENSAIRE,DISPENSAIRE,1,2.0,2.0,3.0,6.0
424,424,578,4,Nord'Est,21,Ouanaminthe,5.0,CENTRE DE SANTE AVEC LIT,CENTRE DE SANTE AVEC LIT,1,1.0,10.0,3.0,70.0
425,425,579,4,Nord'Est,21,Ouanaminthe,6.0,CENTRE DE SANTE SANS LIT,CENTRE DE SANTE SANS LIT,1,2.0,,3.0,12.0
426,426,580,4,Nord'Est,21,Ouanaminthe,5.0,CENTRE DE SANTE AVEC LIT,CENTRE DE SANTE AVEC LIT,3,1.0,15.0,3.0,41.0
427,427,581,4,Nord'Est,21,Ouanaminthe,7.0,DISPENSAIRE,DISPENSAIRE,1,1.0,2.0,3.0,15.0
428,428,582,4,Nord'Est,21,Ouanaminthe,7.0,DISPENSAIRE,DISPENSAIRE,1,1.0,,3.0,14.0
429,429,583,4,Nord'Est,21,Ouanaminthe,7.0,DISPENSAIRE,DISPENSAIRE,3,1.0,1.0,1.0,12.0
430,430,584,4,Nord'Est,21,Ouanaminthe,7.0,DISPENSAIRE,DISPENSAIRE,1,2.0,,1.0,8.0
431,431,585,4,Nord'Est,22,Capotille,5.0,CENTRE DE SANTE AVEC LIT,CENTRE DE SANTE AVEC LIT,1,1.0,4.0,1.0,26.0
432,432,586,4,Nord'Est,22,Capotille,7.0,DISPENSAIRE,DISPENSAIRE,1,2.0,,3.0,10.0
433,433,588,4,Nord'Est,23,Mont-Organis!,5.0,CENTRE DE SANTE AVEC LIT,CENTRE DE SANTE AVEC LIT,1,1.0,10.0,1.0,33.0
434,434,589,4,Nord'Est,31,Trou-du-Nord,7.0,DISPENSAIRE,DISPENSAIRE,4,1.0,,3.0,16.0
435,435,590,4,Nord'Est,31,Trou-du-Nord,4.0,HOPITAL,AUTRES HOPITAUX,1,1.0,59.0,1.0,49.0
436,436,591,4,Nord'Est,31,Trou-du-Nord,7.0,DISPENSAIRE,DISPENSAIRE,1,1.0,,3.0,14.0
437,437,592,4,Nord'Est,31,Trou-du-Nord,7.0,DISPENSAIRE,DISPENSAIRE,1,1.0,1.0,3.0,21.0
438,438,593,4,Nord'Est,32,Sainte-Suzanne,6.0,CENTRE DE SANTE SANS LIT,CENTRE DE SANTE SANS LIT,1,1.0,,3.0,19.0
439,439,594,4,Nord'Est,32,Sainte-Suzanne,7.0,DISPENSAIRE,DISPENSAIRE,4,1.0,4.0,3.0,16.0
440,440,595,4,Nord'Est,33,Terrier-Rouge,6.0,CENTRE DE SANTE SANS LIT,CENTRE DE SANTE SANS LIT,4,1.0,5.0,3.0,23.0
441,441,596,4,Nord'Est,33,Terrier-Rouge,7.0,DISPENSAIRE,DISPENSAIRE,1,2.0,1.0,3.0,2.0
442,442,597,4,Nord'Est,33,Terrier-Rouge,6.0,CENTRE DE SANTE SANS LIT,CENTRE DE SANTE SANS LIT,3,1.0,,1.0,11.0
443,443,598,4,Nord'Est,33,Terrier-Rouge,5.0,CENTRE DE SANTE AVEC LIT,CENTRE DE SANTE AVEC LIT,3,1.0,3.0,3.0,10.0
444,444,599,4,Nord'Est,33,Terrier-Rouge,7.0,DISPENSAIRE,DISPENSAIRE,3,1.0,3.0,3.0,6.0
445,445,600,4,Nord'Est,33,Terrier-Rouge,6.0,CENTRE DE SANTE SANS LIT,CENTRE DE SANTE SANS LIT,4,1.0,3.0,2.0,15.0
446,446,603,4,Nord'Est,34,Caracol,6.0,CENTRE DE SANTE SANS LIT,CENTRE DE SANTE SANS LIT,4,1.0,2.0,1.0,12.0
447,447,604,4,Nord'Est,41,Valli!res,7.0,DISPENSAIRE,DISPENSAIRE,1,1.0,6.0,1.0,15.0
448,448,605,4,Nord'Est,41,Valli!res,7.0,DISPENSAIRE,DISPENSAIRE,1,2.0,1.0,3.0,11.0
449,449,606,4,Nord'Est,42,Carice,5.0,CENTRE DE SANTE AVEC LIT,CENTRE DE SANTE AVEC LIT,1,1.0,8.0,3.0,22.0
450,450,607,4,Nord'Est,42,Carice,6.0,CENTRE DE SANTE SANS LIT,CENTRE DE SANTE SANS LIT,2,1.0,,3.0,9.0
451,451,608,4,Nord'Est,42,Carice,7.0,DISPENSAIRE,DISPENSAIRE,1,2.0,,3.0,4.0
452,452,609,4,Nord'Est,43,Mombin-Crochu,5.0,CENTRE DE SANTE AVEC LIT,CENTRE DE SANTE AVEC LIT,1,1.0,14.0,1.0,37.0
453,453,610,4,Nord'Est,43,Mombin-Crochu,5.0,CENTRE DE SANTE AVEC LIT,CENTRE DE SANTE AVEC LIT,1,1.0,1.0,3.0,25.0
454,454,611,5,Artibonite,11,Gona!ves,5.0,CENTRE DE SANTE AVEC LIT,CENTRE DE SANTE AVEC LIT,4,1.0,13.0,3.0,18.0
455,455,612,5,Artibonite,11,Gona!ves,3.0,HOPITAL,HOPITAL COMMUNAUTAIRE DE REFERENCE,1,1.0,5.0,3.0,65.0
456,456,613,5,Artibonite,11,Gona!ves,6.0,CENTRE DE SANTE SANS LIT,CENTRE DE SANTE SANS LIT,1,1.0,,3.0,25.0
457,457,614,5,Artibonite,11,Gona!ves,6.0,CENTRE DE SANTE SANS LIT,CENTRE DE SANTE SANS LIT,1,1.0,,3.0,8.0
458,458,615,5,Artibonite,11,Gona!ves,6.0,CENTRE DE SANTE SANS LIT,CENTRE DE SANTE SANS LIT,1,1.0,6.0,3.0,47.0
459,459,616,5,Artibonite,11,Gona!ves,7.0,DISPENSAIRE,DISPENSAIRE,2,1.0,,3.0,21.0
460,460,617,5,Artibonite,11,Gona!ves,7.0,DISPENSAIRE,DISPENSAIRE,3,2.0,,3.0,1.0
461,461,618,5,Artibonite,11,Gona!ves,7.0,DISPENSAIRE,DISPENSAIRE,2,2.0,,3.0,1.0
462,462,619,5,Artibonite,11,Gona!ves,7.0,DISPENSAIRE,DISPENSAIRE,1,1.0,1.0,3.0,2.0
463,463,620,5,Artibonite,11,Gona!ves,2.0,HOPITAL,HOPITAL DEPARTEMENTAL,1,1.0,200.0,1.0,232.0
464,464,621,5,Artibonite,11,Gona!ves,6.0,CENTRE DE SANTE SANS LIT,CENTRE DE SANTE SANS LIT,3,1.0,,1.0,7.0
465,465,622,5,Artibonite,11,Gona!ves,6.0,CENTRE DE SANTE SANS LIT,CENTRE DE SANTE SANS LIT,3,2.0,,3.0,8.0
466,466,623,5,Artibonite,11,Gona!ves,7.0,DISPENSAIRE,DISPENSAIRE,1,2.0,,3.0,11.0
467,467,624,5,Artibonite,11,Gona!ves,7.0,DISPENSAIRE,DISPENSAIRE,3,2.0,,3.0,4.0
468,468,625,5,Artibonite,11,Gona!ves,7.0,DISPENSAIRE,DISPENSAIRE,2,1.0,,3.0,14.0
469,469,626,5,Artibonite,11,Gona!ves,7.0,DISPENSAIRE,DISPENSAIRE,1,2.0,,3.0,6.0
470,470,627,5,Artibonite,12,Ennery,7.0,DISPENSAIRE,DISPENSAIRE,1,2.0,,3.0,14.0
471,471,628,5,Artibonite,12,Ennery,7.0,DISPENSAIRE,DISPENSAIRE,1,1.0,,3.0,12.0
472,472,629,5,Artibonite,12,Ennery,7.0,DISPENSAIRE,DISPENSAIRE,4,2.0,,3.0,3.0
473,473,630,5,Artibonite,12,Ennery,7.0,DISPENSAIRE,DISPENSAIRE,1,2.0,,3.0,4.0
474,474,631,5,Artibonite,12,Ennery,3.0,HOPITAL,HOPITAL COMMUNAUTAIRE DE REFERENCE,1,1.0,15.0,1.0,37.0
475,475,632,5,Artibonite,12,Ennery,6.0,CENTRE DE SANTE SANS LIT,CENTRE DE SANTE SANS LIT,1,2.0,2.0,3.0,10.0
476,476,633,5,Artibonite,12,Ennery,6.0,CENTRE DE SANTE SANS LIT,CENTRE DE SANTE SANS LIT,3,1.0,2.0,3.0,23.0
477,477,634,5,Artibonite,13,L'Est!re,6.0,CENTRE DE SANTE SANS LIT,CENTRE DE SANTE SANS LIT,2,1.0,,3.0,29.0
478,478,635,5,Artibonite,13,L'Est!re,3.0,HOPITAL,HOPITAL COMMUNAUTAIRE DE REFERENCE,1,1.0,17.0,1.0,28.0
479,479,636,5,Artibonite,13,L'Est!re,5.0,CENTRE DE SANTE AVEC LIT,CENTRE DE SANTE AVEC LIT,1,1.0,1.0,3.0,7.0
480,480,637,5,Artibonite,13,L'Est!re,7.0,DISPENSAIRE,DISPENSAIRE,2,2.0,,3.0,3.0
481,481,638,5,Artibonite,21,Gros-Morne,7.0,DISPENSAIRE,DISPENSAIRE,3,2.0,4.0,3.0,5.0
482,482,639,5,Artibonite,21,Gros-Morne,7.0,DISPENSAIRE,DISPENSAIRE,3,2.0,3.0,3.0,7.0
483,483,641,5,Artibonite,21,Gros-Morne,7.0,DISPENSAIRE,DISPENSAIRE,4,2.0,1.0,3.0,6.0
484,484,642,5,Artibonite,21,Gros-Morne,3.0,HOPITAL,HOPITAL COMMUNAUTAIRE DE REFERENCE,4,1.0,34.0,1.0,65.0
485,485,643,5,Artibonite,21,Gros-Morne,7.0,DISPENSAIRE,DISPENSAIRE,2,2.0,,3.0,2.0
486,486,644,5,Artibonite,21,Gros-Morne,7.0,DISPENSAIRE,DISPENSAIRE,3,,,,
487,487,645,5,Artibonite,21,Gros-Morne,6.0,CENTRE DE SANTE SANS LIT,CENTRE DE SANTE SANS LIT,2,,,,
488,488,647,5,Artibonite,21,Gros-Morne,7.0,DISPENSAIRE,DISPENSAIRE,3,2.0,,3.0,2.0
489,489,648,5,Artibonite,21,Gros-Morne,7.0,DISPENSAIRE,DISPENSAIRE,2,2.0,4.0,3.0,1.0
490,490,649,5,Artibonite,21,Gros-Morne,6.0,CENTRE DE SANTE SANS LIT,CENTRE DE SANTE SANS LIT,3,1.0,4.0,3.0,11.0
491,491,650,5,Artibonite,21,Gros-Morne,7.0,DISPENSAIRE,DISPENSAIRE,1,2.0,,3.0,6.0
492,492,651,5,Artibonite,21,Gros-Morne,5.0,CENTRE DE SANTE AVEC LIT,CENTRE DE SANTE AVEC LIT,1,2.0,20.0,2.0,5.0
493,493,653,5,Artibonite,21,Gros-Morne,5.0,CENTRE DE SANTE AVEC LIT,CENTRE DE SANTE AVEC LIT,2,1.0,,3.0,6.0
494,494,654,5,Artibonite,21,Gros-Morne,7.0,DISPENSAIRE,DISPENSAIRE,1,2.0,,3.0,9.0
495,495,655,5,Artibonite,22,Terre-Neuve,5.0,CENTRE DE SANTE AVEC LIT,CENTRE DE SANTE AVEC LIT,1,1.0,4.0,1.0,14.0
496,496,656,5,Artibonite,22,Terre-Neuve,7.0,DISPENSAIRE,DISPENSAIRE,1,1.0,1.0,3.0,7.0
497,497,657,5,Artibonite,23,Anse-Rouge,7.0,DISPENSAIRE,DISPENSAIRE,1,1.0,,3.0,10.0
498,498,658,5,Artibonite,23,Anse-Rouge,5.0,CENTRE DE SANTE AVEC LIT,CENTRE DE SANTE AVEC LIT,1,2.0,8.0,1.0,12.0
499,499,659,5,Artibonite,23,Anse-Rouge,7.0,DISPENSAIRE,DISPENSAIRE,1,2.0,,3.0,4.0
500,500,660,5,Artibonite,23,Anse-Rouge,7.0,DISPENSAIRE,DISPENSAIRE,1,2.0,1.0,3.0,6.0
501,501,661,5,Artibonite,23,Anse-Rouge,7.0,DISPENSAIRE,DISPENSAIRE,1,2.0,,3.0,4.0
502,502,662,5,Artibonite,23,Anse-Rouge,7.0,DISPENSAIRE,DISPENSAIRE,1,2.0,,3.0,4.0
503,503,663,5,Artibonite,23,Anse-Rouge,7.0,DISPENSAIRE,DISPENSAIRE,1,2.0,,3.0,4.0
504,504,666,5,Artibonite,31,Saint-Marc,7.0,DISPENSAIRE,DISPENSAIRE,1,2.0,,3.0,3.0
505,505,667,5,Artibonite,31,Saint-Marc,7.0,DISPENSAIRE,DISPENSAIRE,1,2.0,,3.0,3.0
506,506,668,5,Artibonite,31,Saint-Marc,7.0,DISPENSAIRE,DISPENSAIRE,1,2.0,,3.0,1.0
507,507,669,5,Artibonite,31,Saint-Marc,7.0,DISPENSAIRE,DISPENSAIRE,1,2.0,2.0,3.0,4.0
508,508,670,5,Artibonite,31,Saint-Marc,5.0,CENTRE DE SANTE AVEC LIT,CENTRE DE SANTE AVEC LIT,3,1.0,18.0,1.0,58.0
509,509,671,5,Artibonite,31,Saint-Marc,7.0,DISPENSAIRE,DISPENSAIRE,1,,,,
510,510,673,5,Artibonite,31,Saint-Marc,7.0,DISPENSAIRE,DISPENSAIRE,1,2.0,,3.0,14.0
511,511,674,5,Artibonite,31,Saint-Marc,7.0,DISPENSAIRE,DISPENSAIRE,3,2.0,,3.0,3.0
512,512,675,5,Artibonite,31,Saint-Marc,5.0,CENTRE DE SANTE AVEC LIT,CENTRE DE SANTE AVEC LIT,3,1.0,4.0,3.0,15.0
513,513,676,5,Artibonite,31,Saint-Marc,7.0,DISPENSAIRE,DISPENSAIRE,3,2.0,,3.0,3.0
514,514,677,5,Artibonite,31,Saint-Marc,7.0,DISPENSAIRE,DISPENSAIRE,3,2.0,,3.0,3.0
515,515,678,5,Artibonite,31,Saint-Marc,7.0,DISPENSAIRE,DISPENSAIRE,1,2.0,,3.0,3.0
516,516,679,5,Artibonite,31,Saint-Marc,7.0,DISPENSAIRE,DISPENSAIRE,1,2.0,,3.0,6.0
517,517,680,5,Artibonite,31,Saint-Marc,7.0,DISPENSAIRE,DISPENSAIRE,4,1.0,,3.0,34.0
518,518,681,5,Artibonite,31,Saint-Marc,3.0,HOPITAL,HOPITAL COMMUNAUTAIRE DE REFERENCE,1,1.0,162.0,2.0,188.0
519,519,682,5,Artibonite,31,Saint-Marc,7.0,DISPENSAIRE,DISPENSAIRE,1,2.0,,3.0,10.0
520,520,683,5,Artibonite,32,Verrettes,6.0,CENTRE DE SANTE SANS LIT,CENTRE DE SANTE SANS LIT,3,2.0,,3.0,28.0
521,521,687,5,Artibonite,32,Verrettes,6.0,CENTRE DE SANTE SANS LIT,CENTRE DE SANTE SANS LIT,2,2.0,,3.0,21.0
522,522,688,5,Artibonite,32,Verrettes,4.0,HOPITAL,AUTRES HOPITAUX,2,1.0,119.0,3.0,169.0
523,523,690,5,Artibonite,32,Verrettes,7.0,DISPENSAIRE,DISPENSAIRE,1,2.0,,3.0,2.0
524,524,693,5,Artibonite,32,Verrettes,6.0,CENTRE DE SANTE SANS LIT,CENTRE DE SANTE SANS LIT,3,1.0,,3.0,12.0
525,525,694,5,Artibonite,32,Verrettes,7.0,DISPENSAIRE,DISPENSAIRE,3,2.0,,3.0,19.0
526,526,695,5,Artibonite,32,Verrettes,4.0,HOPITAL,AUTRES HOPITAUX,1,1.0,60.0,1.0,68.0
527,527,696,5,Artibonite,33,La Chapelle,5.0,CENTRE DE SANTE AVEC LIT,CENTRE DE SANTE AVEC LIT,4,1.0,3.0,3.0,13.0
528,528,698,5,Artibonite,41,Dessalines,7.0,DISPENSAIRE,DISPENSAIRE,3,2.0,,3.0,7.0
529,529,699,5,Artibonite,41,Dessalines,7.0,DISPENSAIRE,DISPENSAIRE,3,2.0,,3.0,4.0
530,530,700,5,Artibonite,41,Dessalines,7.0,DISPENSAIRE,DISPENSAIRE,3,2.0,,3.0,4.0
531,531,701,5,Artibonite,41,Dessalines,7.0,DISPENSAIRE,DISPENSAIRE,1,1.0,7.0,3.0,1.0
532,532,702,5,Artibonite,41,Dessalines,7.0,DISPENSAIRE,DISPENSAIRE,4,2.0,,3.0,4.0
533,533,703,5,Artibonite,41,Dessalines,7.0,DISPENSAIRE,DISPENSAIRE,3,2.0,,3.0,8.0
534,534,704,5,Artibonite,41,Dessalines,7.0,DISPENSAIRE,DISPENSAIRE,1,2.0,,3.0,2.0
535,535,705,5,Artibonite,41,Dessalines,5.0,CENTRE DE SANTE AVEC LIT,CENTRE DE SANTE AVEC LIT,3,2.0,,3.0,1.0
536,536,706,5,Artibonite,41,Dessalines,5.0,CENTRE DE SANTE AVEC LIT,CENTRE DE SANTE AVEC LIT,1,2.0,,3.0,2.0
537,537,707,5,Artibonite,41,Dessalines,3.0,HOPITAL,HOPITAL COMMUNAUTAIRE DE REFERENCE,4,1.0,27.0,1.0,91.0
538,538,708,5,Artibonite,41,Dessalines,7.0,DISPENSAIRE,DISPENSAIRE,3,1.0,,3.0,21.0
539,539,709,5,Artibonite,41,Dessalines,7.0,DISPENSAIRE,DISPENSAIRE,3,2.0,,3.0,4.0
540,540,710,5,Artibonite,41,Dessalines,7.0,DISPENSAIRE,DISPENSAIRE,3,2.0,,3.0,9.0
541,541,711,5,Artibonite,41,Dessalines,7.0,DISPENSAIRE,DISPENSAIRE,3,1.0,,3.0,7.0
542,542,712,5,Artibonite,41,Dessalines,7.0,DISPENSAIRE,DISPENSAIRE,3,1.0,2.0,3.0,12.0
543,543,713,5,Artibonite,41,Dessalines,5.0,CENTRE DE SANTE AVEC LIT,CENTRE DE SANTE AVEC LIT,1,2.0,,3.0,6.0
544,544,715,5,Artibonite,41,Dessalines,7.0,DISPENSAIRE,DISPENSAIRE,3,2.0,,3.0,5.0
545,545,716,5,Artibonite,41,Dessalines,7.0,DISPENSAIRE,DISPENSAIRE,2,2.0,,3.0,3.0
546,546,717,5,Artibonite,41,Dessalines,7.0,DISPENSAIRE,DISPENSAIRE,3,2.0,,3.0,8.0
547,547,718,5,Artibonite,41,Dessalines,6.0,CENTRE DE SANTE SANS LIT,CENTRE DE SANTE SANS LIT,3,2.0,,3.0,3.0
548,548,719,5,Artibonite,42,Petite-Rivi!re de l'Artibonite,7.0,DISPENSAIRE,DISPENSAIRE,1,2.0,,3.0,10.0
549,549,720,5,Artibonite,42,Petite-Rivi!re de l'Artibonite,7.0,DISPENSAIRE,DISPENSAIRE,3,2.0,,3.0,10.0
550,550,721,5,Artibonite,42,Petite-Rivi!re de l'Artibonite,7.0,DISPENSAIRE,DISPENSAIRE,3,2.0,,3.0,1.0
551,551,722,5,Artibonite,42,Petite-Rivi!re de l'Artibonite,7.0,DISPENSAIRE,DISPENSAIRE,1,2.0,4.0,3.0,16.0
552,552,723,5,Artibonite,42,Petite-Rivi!re de l'Artibonite,6.0,CENTRE DE SANTE SANS LIT,CENTRE DE SANTE SANS LIT,3,1.0,4.0,3.0,15.0
553,553,725,5,Artibonite,42,Petite-Rivi!re de l'Artibonite,3.0,HOPITAL,HOPITAL COMMUNAUTAIRE DE REFERENCE,1,1.0,58.0,1.0,121.0
554,554,726,5,Artibonite,42,Petite-Rivi!re de l'Artibonite,6.0,CENTRE DE SANTE SANS LIT,CENTRE DE SANTE SANS LIT,2,1.0,3.0,3.0,22.0
555,555,727,5,Artibonite,42,Petite-Rivi!re de l'Artibonite,7.0,DISPENSAIRE,DISPENSAIRE,4,2.0,,3.0,2.0
556,556,728,5,Artibonite,42,Petite-Rivi!re de l'Artibonite,6.0,CENTRE DE SANTE SANS LIT,CENTRE DE SANTE SANS LIT,2,2.0,3.0,3.0,13.0
557,557,729,5,Artibonite,43,Grande Saline,5.0,CENTRE DE SANTE AVEC LIT,CENTRE DE SANTE AVEC LIT,1,1.0,6.0,1.0,35.0
558,558,731,5,Artibonite,43,Grande Saline,7.0,DISPENSAIRE,DISPENSAIRE,1,2.0,,3.0,2.0
559,559,732,5,Artibonite,44,Desdunes,5.0,CENTRE DE SANTE AVEC LIT,CENTRE DE SANTE AVEC LIT,1,1.0,10.0,3.0,22.0
560,560,733,5,Artibonite,44,Desdunes,7.0,DISPENSAIRE,DISPENSAIRE,1,2.0,,3.0,2.0
561,561,734,5,Artibonite,44,Desdunes,7.0,DISPENSAIRE,DISPENSAIRE,1,2.0,,3.0,3.0
562,562,736,5,Artibonite,51,Saint-Michel,6.0,CENTRE DE SANTE SANS LIT,CENTRE DE SANTE SANS LIT,1,2.0,,3.0,9.0
563,563,738,5,Artibonite,51,Saint-Michel,6.0,CENTRE DE SANTE SANS LIT,CENTRE DE SANTE SANS LIT,2,1.0,2.0,3.0,11.0
564,564,739,5,Artibonite,51,Saint-Michel,5.0,CENTRE DE SANTE AVEC LIT,CENTRE DE SANTE AVEC LIT,1,1.0,8.0,1.0,23.0
565,565,740,5,Artibonite,51,Saint-Michel,7.0,DISPENSAIRE,DISPENSAIRE,1,2.0,2.0,3.0,11.0
566,566,742,5,Artibonite,51,Saint-Michel,7.0,DISPENSAIRE,DISPENSAIRE,1,2.0,,3.0,12.0
567,567,743,5,Artibonite,51,Saint-Michel,7.0,DISPENSAIRE,DISPENSAIRE,1,2.0,1.0,3.0,8.0
568,568,744,5,Artibonite,51,Saint-Michel,7.0,DISPENSAIRE,DISPENSAIRE,1,2.0,2.0,3.0,12.0
569,569,745,5,Artibonite,51,Saint-Michel,7.0,DISPENSAIRE,DISPENSAIRE,1,2.0,,3.0,12.0
570,570,747,5,Artibonite,52,Marmelade,5.0,CENTRE DE SANTE AVEC LIT,CENTRE DE SANTE AVEC LIT,1,1.0,5.0,3.0,43.0
571,571,749,6,Centre,11,Hinche,2.0,HOPITAL,HOPITAL DEPARTEMENTAL,1,1.0,20.0,1.0,178.0
572,572,750,6,Centre,11,Hinche,5.0,CENTRE DE SANTE AVEC LIT,CENTRE DE SANTE AVEC LIT,2,1.0,6.0,3.0,9.0
573,573,751,6,Centre,11,Hinche,6.0,CENTRE DE SANTE SANS LIT,CENTRE DE SANTE SANS LIT,1,1.0,1.0,3.0,5.0
574,574,752,6,Centre,11,Hinche,7.0,DISPENSAIRE,DISPENSAIRE,1,1.0,1.0,3.0,3.0
575,575,754,6,Centre,11,Hinche,7.0,DISPENSAIRE,DISPENSAIRE,3,2.0,,3.0,3.0
576,576,755,6,Centre,11,Hinche,7.0,DISPENSAIRE,DISPENSAIRE,3,2.0,,3.0,3.0
577,577,756,6,Centre,11,Hinche,6.0,CENTRE DE SANTE SANS LIT,CENTRE DE SANTE SANS LIT,3,,,,
578,578,757,6,Centre,11,Hinche,6.0,CENTRE DE SANTE SANS LIT,CENTRE DE SANTE SANS LIT,1,1.0,,1.0,28.0
579,579,758,6,Centre,11,Hinche,7.0,DISPENSAIRE,DISPENSAIRE,1,2.0,,3.0,5.0
580,580,759,6,Centre,11,Hinche,7.0,DISPENSAIRE,DISPENSAIRE,4,2.0,,3.0,9.0
581,581,761,6,Centre,11,Hinche,7.0,DISPENSAIRE,DISPENSAIRE,1,1.0,2.0,3.0,6.0
582,582,762,6,Centre,12,Ma!ssade,5.0,CENTRE DE SANTE AVEC LIT,CENTRE DE SANTE AVEC LIT,1,1.0,,1.0,32.0
583,583,763,6,Centre,12,Ma!ssade,6.0,CENTRE DE SANTE SANS LIT,CENTRE DE SANTE SANS LIT,1,1.0,,3.0,10.0
584,584,764,6,Centre,12,Ma!ssade,7.0,DISPENSAIRE,DISPENSAIRE,1,2.0,,3.0,7.0
585,585,765,6,Centre,12,Ma!ssade,7.0,DISPENSAIRE,DISPENSAIRE,1,2.0,,3.0,7.0
586,586,766,6,Centre,12,Ma!ssade,7.0,DISPENSAIRE,DISPENSAIRE,1,2.0,,3.0,6.0
587,587,767,6,Centre,12,Ma!ssade,7.0,DISPENSAIRE,DISPENSAIRE,1,2.0,,3.0,9.0
588,588,771,6,Centre,13,Thomonde,5.0,CENTRE DE SANTE AVEC LIT,CENTRE DE SANTE AVEC LIT,4,1.0,11.0,2.0,38.0
589,589,772,6,Centre,13,Thomonde,6.0,CENTRE DE SANTE SANS LIT,CENTRE DE SANTE SANS LIT,4,1.0,1.0,3.0,10.0
590,590,773,6,Centre,13,Thomonde,7.0,DISPENSAIRE,DISPENSAIRE,1,1.0,,1.0,26.0
591,591,776,6,Centre,14,Cerca-Cavajal,5.0,CENTRE DE SANTE AVEC LIT,CENTRE DE SANTE AVEC LIT,1,1.0,6.0,3.0,27.0
592,592,777,6,Centre,14,Cerca-Cavajal,6.0,CENTRE DE SANTE SANS LIT,CENTRE DE SANTE SANS LIT,3,1.0,,3.0,11.0
593,593,778,6,Centre,14,Cerca-Cavajal,7.0,DISPENSAIRE,DISPENSAIRE,2,,,,
594,594,781,6,Centre,21,Mirebalais,1.0,HOPITAL,HOPITAL UNIVERSITAIRE,1,1.0,350.0,1.0,2.0
595,595,784,6,Centre,21,Mirebalais,7.0,DISPENSAIRE,DISPENSAIRE,3,2.0,,3.0,17.0
596,596,785,6,Centre,21,Mirebalais,6.0,CENTRE DE SANTE SANS LIT,CENTRE DE SANTE SANS LIT,4,1.0,,3.0,11.0
597,597,786,6,Centre,21,Mirebalais,6.0,CENTRE DE SANTE SANS LIT,CENTRE DE SANTE SANS LIT,4,1.0,,3.0,7.0
598,598,787,6,Centre,21,Mirebalais,7.0,DISPENSAIRE,DISPENSAIRE,1,2.0,,3.0,22.0
599,599,788,6,Centre,21,Mirebalais,6.0,CENTRE DE SANTE SANS LIT,CENTRE DE SANTE SANS LIT,1,1.0,,3.0,2.0
600,600,789,6,Centre,21,Mirebalais,7.0,DISPENSAIRE,DISPENSAIRE,1,2.0,1.0,3.0,23.0
601,601,790,6,Centre,22,Saut-d'Eau,6.0,CENTRE DE SANTE SANS LIT,CENTRE DE SANTE SANS LIT,1,1.0,3.0,3.0,14.0
602,602,791,6,Centre,22,Saut-d'Eau,6.0,CENTRE DE SANTE SANS LIT,CENTRE DE SANTE SANS LIT,4,2.0,2.0,3.0,3.0
603,603,794,6,Centre,23,Boucan-Carr!,3.0,HOPITAL,HOPITAL COMMUNAUTAIRE DE REFERENCE,3,1.0,70.0,1.0,104.0
604,604,795,6,Centre,23,Boucan-Carr!,5.0,CENTRE DE SANTE AVEC LIT,CENTRE DE SANTE AVEC LIT,4,1.0,10.0,2.0,44.0
605,605,796,6,Centre,23,Boucan-Carr!,5.0,CENTRE DE SANTE AVEC LIT,CENTRE DE SANTE AVEC LIT,4,2.0,,3.0,5.0
606,606,797,6,Centre,31,Lascahobas,5.0,CENTRE DE SANTE AVEC LIT,CENTRE DE SANTE AVEC LIT,4,1.0,8.0,1.0,20.0
607,607,798,6,Centre,31,Lascahobas,6.0,CENTRE DE SANTE SANS LIT,CENTRE DE SANTE SANS LIT,3,1.0,,3.0,9.0
608,608,799,6,Centre,31,Lascahobas,5.0,CENTRE DE SANTE AVEC LIT,CENTRE DE SANTE AVEC LIT,4,1.0,59.0,3.0,68.0
609,609,801,6,Centre,32,Bellad!re,5.0,CENTRE DE SANTE AVEC LIT,CENTRE DE SANTE AVEC LIT,1,1.0,1.0,2.0,24.0
610,610,802,6,Centre,32,Bellad!re,3.0,HOPITAL,HOPITAL COMMUNAUTAIRE DE REFERENCE,1,1.0,25.0,1.0,73.0
611,611,803,6,Centre,32,Bellad!re,7.0,DISPENSAIRE,DISPENSAIRE,1,2.0,,3.0,10.0
612,612,804,6,Centre,33,Savanette,6.0,CENTRE DE SANTE SANS LIT,CENTRE DE SANTE SANS LIT,4,1.0,9.0,1.0,38.0
613,613,805,6,Centre,33,Savanette,7.0,DISPENSAIRE,DISPENSAIRE,4,2.0,1.0,3.0,10.0
614,614,808,6,Centre,41,Cerca-La-Source,5.0,CENTRE DE SANTE AVEC LIT,CENTRE DE SANTE AVEC LIT,4,1.0,20.0,3.0,42.0
615,615,810,6,Centre,41,Cerca-La-Source,5.0,CENTRE DE SANTE AVEC LIT,CENTRE DE SANTE AVEC LIT,1,1.0,6.0,1.0,18.0
616,616,811,6,Centre,42,Thomassique,7.0,DISPENSAIRE,DISPENSAIRE,1,1.0,2.0,3.0,8.0
617,617,812,6,Centre,42,Thomassique,5.0,CENTRE DE SANTE AVEC LIT,CENTRE DE SANTE AVEC LIT,2,1.0,16.0,3.0,22.0
618,618,813,7,Sud,11,Les Cayes,5.0,CENTRE DE SANTE AVEC LIT,CENTRE DE SANTE AVEC LIT,3,1.0,,3.0,8.0
619,619,814,7,Sud,11,Les Cayes,6.0,CENTRE DE SANTE SANS LIT,CENTRE DE SANTE SANS LIT,4,1.0,,1.0,7.0
620,620,815,7,Sud,11,Les Cayes,7.0,DISPENSAIRE,DISPENSAIRE,3,1.0,,3.0,10.0
621,621,816,7,Sud,11,Les Cayes,3.0,HOPITAL,HOPITAL COMMUNAUTAIRE DE REFERENCE,1,1.0,124.0,1.0,167.0
622,622,817,7,Sud,11,Les Cayes,4.0,HOPITAL,AUTRES HOPITAUX,4,1.0,38.0,3.0,45.0
623,623,818,7,Sud,11,Les Cayes,4.0,HOPITAL,AUTRES HOPITAUX,3,1.0,17.0,3.0,21.0
624,624,819,7,Sud,11,Les Cayes,5.0,CENTRE DE SANTE AVEC LIT,CENTRE DE SANTE AVEC LIT,4,1.0,64.0,3.0,55.0
625,625,820,7,Sud,11,Les Cayes,6.0,CENTRE DE SANTE SANS LIT,CENTRE DE SANTE SANS LIT,1,1.0,,3.0,17.0
626,626,821,7,Sud,11,Les Cayes,7.0,DISPENSAIRE,DISPENSAIRE,1,2.0,,3.0,4.0
627,627,822,7,Sud,11,Les Cayes,4.0,HOPITAL,AUTRES HOPITAUX,4,1.0,40.0,1.0,74.0
628,628,823,7,Sud,11,Les Cayes,7.0,DISPENSAIRE,DISPENSAIRE,4,1.0,,3.0,7.0
629,629,824,7,Sud,11,Les Cayes,6.0,CENTRE DE SANTE SANS LIT,CENTRE DE SANTE SANS LIT,4,1.0,,3.0,3.0
630,630,825,7,Sud,11,Les Cayes,4.0,HOPITAL,AUTRES HOPITAUX,1,2.0,17.0,3.0,9.0
631,631,826,7,Sud,11,Les Cayes,6.0,CENTRE DE SANTE SANS LIT,CENTRE DE SANTE SANS LIT,2,1.0,,3.0,14.0
632,632,829,7,Sud,12,Torbeck,6.0,CENTRE DE SANTE SANS LIT,CENTRE DE SANTE SANS LIT,1,1.0,10.0,3.0,15.0
633,633,830,7,Sud,12,Torbeck,7.0,DISPENSAIRE,DISPENSAIRE,3,1.0,,3.0,4.0
634,634,832,7,Sud,12,Torbeck,5.0,CENTRE DE SANTE AVEC LIT,CENTRE DE SANTE AVEC LIT,3,1.0,6.0,1.0,12.0
635,635,833,7,Sud,12,Torbeck,7.0,DISPENSAIRE,DISPENSAIRE,4,2.0,1.0,3.0,2.0
636,636,834,7,Sud,12,Torbeck,7.0,DISPENSAIRE,DISPENSAIRE,1,2.0,,3.0,3.0
637,637,835,7,Sud,13,Chantal,6.0,CENTRE DE SANTE SANS LIT,CENTRE DE SANTE SANS LIT,1,1.0,2.0,1.0,20.0
638,638,836,7,Sud,13,Chantal,5.0,CENTRE DE SANTE AVEC LIT,CENTRE DE SANTE AVEC LIT,1,2.0,1.0,3.0,11.0
639,639,839,7,Sud,14,Camp-Perrin,5.0,CENTRE DE SANTE AVEC LIT,CENTRE DE SANTE AVEC LIT,3,2.0,,3.0,2.0
640,640,840,7,Sud,14,Camp-Perrin,3.0,HOPITAL,HOPITAL COMMUNAUTAIRE DE REFERENCE,1,1.0,15.0,3.0,35.0
641,641,841,7,Sud,14,Camp-Perrin,7.0,DISPENSAIRE,DISPENSAIRE,4,1.0,,3.0,11.0
642,642,842,7,Sud,14,Camp-Perrin,7.0,DISPENSAIRE,DISPENSAIRE,1,1.0,,3.0,7.0
643,643,843,7,Sud,14,Camp-Perrin,7.0,DISPENSAIRE,DISPENSAIRE,4,1.0,,3.0,6.0
644,644,844,7,Sud,15,Maniche,6.0,CENTRE DE SANTE SANS LIT,CENTRE DE SANTE SANS LIT,4,1.0,3.0,3.0,8.0
645,645,845,7,Sud,15,Maniche,7.0,DISPENSAIRE,DISPENSAIRE,1,2.0,,3.0,4.0
646,646,846,7,Sud,15,Maniche,7.0,DISPENSAIRE,DISPENSAIRE,1,2.0,,3.0,5.0
647,647,847,7,Sud,16,!le-!-Vache,7.0,DISPENSAIRE,DISPENSAIRE,2,1.0,3.0,3.0,7.0
648,648,848,7,Sud,16,!le-!-Vache,6.0,CENTRE DE SANTE SANS LIT,CENTRE DE SANTE SANS LIT,1,1.0,2.0,1.0,48.0
649,649,850,7,Sud,21,Port-Salut,7.0,DISPENSAIRE,DISPENSAIRE,3,2.0,,3.0,1.0
650,650,851,7,Sud,21,Port-Salut,3.0,HOPITAL,HOPITAL COMMUNAUTAIRE DE REFERENCE,1,1.0,22.0,1.0,35.0
651,651,852,7,Sud,21,Port-Salut,5.0,CENTRE DE SANTE AVEC LIT,CENTRE DE SANTE AVEC LIT,3,1.0,,1.0,12.0
652,652,853,7,Sud,21,Port-Salut,7.0,DISPENSAIRE,DISPENSAIRE,1,2.0,,3.0,2.0
653,653,854,7,Sud,21,Port-Salut,7.0,DISPENSAIRE,DISPENSAIRE,1,2.0,,3.0,1.0
654,654,855,7,Sud,22,Saint-Jean,7.0,DISPENSAIRE,DISPENSAIRE,1,2.0,,3.0,2.0
655,655,856,7,Sud,22,Saint-Jean,6.0,CENTRE DE SANTE SANS LIT,CENTRE DE SANTE SANS LIT,1,1.0,1.0,3.0,20.0
656,656,857,7,Sud,23,Arniquet,7.0,DISPENSAIRE,DISPENSAIRE,1,1.0,,3.0,4.0
657,657,858,7,Sud,23,Arniquet,6.0,CENTRE DE SANTE SANS LIT,CENTRE DE SANTE SANS LIT,1,1.0,1.0,3.0,15.0
658,658,859,7,Sud,31,Aquin,5.0,CENTRE DE SANTE AVEC LIT,CENTRE DE SANTE AVEC LIT,2,1.0,10.0,3.0,12.0
659,659,860,7,Sud,31,Aquin,7.0,DISPENSAIRE,DISPENSAIRE,4,1.0,3.0,3.0,11.0
660,660,863,7,Sud,31,Aquin,3.0,HOPITAL,HOPITAL COMMUNAUTAIRE DE REFERENCE,1,1.0,23.0,1.0,43.0
661,661,865,7,Sud,31,Aquin,7.0,DISPENSAIRE,DISPENSAIRE,3,1.0,,3.0,12.0
662,662,866,7,Sud,31,Aquin,5.0,CENTRE DE SANTE AVEC LIT,CENTRE DE SANTE AVEC LIT,4,1.0,8.0,3.0,12.0
663,663,867,7,Sud,31,Aquin,4.0,HOPITAL,AUTRES HOPITAUX,2,1.0,130.0,1.0,278.0
664,664,868,7,Sud,32,Saint-Louis du Sud,5.0,CENTRE DE SANTE AVEC LIT,CENTRE DE SANTE AVEC LIT,1,1.0,6.0,3.0,24.0
665,665,869,7,Sud,32,Saint-Louis du Sud,6.0,CENTRE DE SANTE SANS LIT,CENTRE DE SANTE SANS LIT,1,2.0,,3.0,2.0
666,666,870,7,Sud,32,Saint-Louis du Sud,7.0,DISPENSAIRE,DISPENSAIRE,3,2.0,,3.0,17.0
667,667,871,7,Sud,32,Saint-Louis du Sud,7.0,DISPENSAIRE,DISPENSAIRE,4,1.0,1.0,3.0,7.0
668,668,872,7,Sud,32,Saint-Louis du Sud,7.0,DISPENSAIRE,DISPENSAIRE,3,2.0,,3.0,7.0
669,669,873,7,Sud,33,Cavaillon,6.0,CENTRE DE SANTE SANS LIT,CENTRE DE SANTE SANS LIT,3,1.0,,3.0,9.0
670,670,874,7,Sud,33,Cavaillon,6.0,CENTRE DE SANTE SANS LIT,CENTRE DE SANTE SANS LIT,1,1.0,5.0,3.0,23.0
671,671,876,7,Sud,33,Cavaillon,7.0,DISPENSAIRE,DISPENSAIRE,4,1.0,,3.0,2.0
672,672,878,7,Sud,33,Cavaillon,7.0,DISPENSAIRE,DISPENSAIRE,2,2.0,,3.0,9.0
673,673,879,7,Sud,33,Cavaillon,4.0,HOPITAL,AUTRES HOPITAUX,3,1.0,90.0,1.0,88.0
674,674,881,7,Sud,33,Cavaillon,7.0,DISPENSAIRE,DISPENSAIRE,4,2.0,,3.0,4.0
675,675,882,7,Sud,41,C!teaux,6.0,CENTRE DE SANTE SANS LIT,CENTRE DE SANTE SANS LIT,1,1.0,3.0,3.0,12.0
676,676,883,7,Sud,41,C!teaux,7.0,DISPENSAIRE,DISPENSAIRE,1,2.0,,3.0,19.0
677,677,884,7,Sud,42,Port-!-Piment,4.0,HOPITAL,AUTRES HOPITAUX,1,1.0,22.0,1.0,59.0
678,678,885,7,Sud,43,Roche-!-Bateau,7.0,DISPENSAIRE,DISPENSAIRE,4,1.0,4.0,3.0,11.0
679,679,886,7,Sud,51,Chardonni!res,7.0,DISPENSAIRE,DISPENSAIRE,4,1.0,4.0,3.0,4.0
680,680,887,7,Sud,51,Chardonni!res,7.0,DISPENSAIRE,DISPENSAIRE,2,1.0,,3.0,6.0
681,681,888,7,Sud,52,Les Anglais,5.0,CENTRE DE SANTE AVEC LIT,CENTRE DE SANTE AVEC LIT,1,1.0,8.0,3.0,40.0
682,682,889,7,Sud,53,Tiburon,7.0,DISPENSAIRE,DISPENSAIRE,4,1.0,2.0,3.0,7.0
683,683,891,8,Grand'Anse,11,J!r!mie,7.0,DISPENSAIRE,DISPENSAIRE,1,2.0,,3.0,1.0
684,684,892,8,Grand'Anse,11,J!r!mie,5.0,CENTRE DE SANTE AVEC LIT,CENTRE DE SANTE AVEC LIT,4,1.0,,3.0,5.0
685,685,893,8,Grand'Anse,11,J!r!mie,6.0,CENTRE DE SANTE SANS LIT,CENTRE DE SANTE SANS LIT,4,1.0,,3.0,10.0
686,686,894,8,Grand'Anse,11,J!r!mie,7.0,DISPENSAIRE,DISPENSAIRE,4,2.0,,3.0,4.0
687,687,895,8,Grand'Anse,11,J!r!mie,6.0,CENTRE DE SANTE SANS LIT,CENTRE DE SANTE SANS LIT,4,1.0,1.0,3.0,30.0
688,688,896,8,Grand'Anse,11,J!r!mie,7.0,DISPENSAIRE,DISPENSAIRE,1,2.0,2.0,3.0,5.0
689,689,898,8,Grand'Anse,11,J!r!mie,6.0,CENTRE DE SANTE SANS LIT,CENTRE DE SANTE SANS LIT,2,1.0,,1.0,94.0
690,690,899,8,Grand'Anse,11,J!r!mie,7.0,DISPENSAIRE,DISPENSAIRE,4,2.0,,3.0,2.0
691,691,900,8,Grand'Anse,11,J!r!mie,3.0,HOPITAL,HOPITAL COMMUNAUTAIRE DE REFERENCE,1,1.0,150.0,2.0,98.0
692,692,901,8,Grand'Anse,11,J!r!mie,7.0,DISPENSAIRE,DISPENSAIRE,1,2.0,,3.0,6.0
693,693,902,8,Grand'Anse,12,Abricots,6.0,CENTRE DE SANTE SANS LIT,CENTRE DE SANTE SANS LIT,4,1.0,1.0,3.0,9.0
694,694,903,8,Grand'Anse,12,Abricots,6.0,CENTRE DE SANTE SANS LIT,CENTRE DE SANTE SANS LIT,1,1.0,,3.0,31.0
695,695,904,8,Grand'Anse,13,Bonbon,7.0,DISPENSAIRE,DISPENSAIRE,1,1.0,,3.0,4.0
696,696,906,8,Grand'Anse,14,Moron,6.0,CENTRE DE SANTE SANS LIT,CENTRE DE SANTE SANS LIT,1,1.0,7.0,1.0,30.0
697,697,907,8,Grand'Anse,14,Moron,7.0,DISPENSAIRE,DISPENSAIRE,3,2.0,,3.0,3.0
698,698,909,8,Grand'Anse,15,Chambellan,6.0,CENTRE DE SANTE SANS LIT,CENTRE DE SANTE SANS LIT,1,1.0,4.0,3.0,12.0
699,699,910,8,Grand'Anse,15,Chambellan,7.0,DISPENSAIRE,DISPENSAIRE,1,2.0,,3.0,3.0
700,700,912,8,Grand'Anse,15,Chambellan,7.0,DISPENSAIRE,DISPENSAIRE,1,2.0,,3.0,1.0
701,701,913,8,Grand'Anse,21,Anse-d'Hainault,7.0,DISPENSAIRE,DISPENSAIRE,3,2.0,,3.0,10.0
702,702,914,8,Grand'Anse,21,Anse-d'Hainault,2.0,HOPITAL,HOPITAL DEPARTEMENTAL,1,1.0,20.0,1.0,40.0
703,703,915,8,Grand'Anse,21,Anse-d'Hainault,7.0,DISPENSAIRE,DISPENSAIRE,4,2.0,,3.0,8.0
704,704,916,8,Grand'Anse,21,Anse-d'Hainault,7.0,DISPENSAIRE,DISPENSAIRE,1,2.0,,3.0,9.0
705,705,917,8,Grand'Anse,22,Dame-Marie,7.0,DISPENSAIRE,DISPENSAIRE,1,2.0,,1.0,4.0
706,706,918,8,Grand'Anse,22,Dame-Marie,7.0,DISPENSAIRE,DISPENSAIRE,1,2.0,,3.0,4.0
707,707,919,8,Grand'Anse,22,Dame-Marie,3.0,HOPITAL,HOPITAL COMMUNAUTAIRE DE REFERENCE,4,1.0,24.0,3.0,62.0
708,708,920,8,Grand'Anse,22,Dame-Marie,6.0,CENTRE DE SANTE SANS LIT,CENTRE DE SANTE SANS LIT,1,2.0,,3.0,4.0
709,709,921,8,Grand'Anse,22,Dame-Marie,6.0,CENTRE DE SANTE SANS LIT,CENTRE DE SANTE SANS LIT,1,2.0,,3.0,3.0
710,710,922,8,Grand'Anse,23,Les Irois,5.0,CENTRE DE SANTE AVEC LIT,CENTRE DE SANTE AVEC LIT,1,1.0,5.0,1.0,24.0
711,711,923,8,Grand'Anse,23,Les Irois,7.0,DISPENSAIRE,DISPENSAIRE,4,2.0,,3.0,7.0
712,712,924,8,Grand'Anse,31,Corail,3.0,HOPITAL,HOPITAL COMMUNAUTAIRE DE REFERENCE,1,1.0,18.0,3.0,54.0
713,713,925,8,Grand'Anse,31,Corail,7.0,DISPENSAIRE,DISPENSAIRE,4,2.0,,3.0,7.0
714,714,926,8,Grand'Anse,31,Corail,7.0,DISPENSAIRE,DISPENSAIRE,2,2.0,1.0,3.0,9.0
715,715,927,8,Grand'Anse,32,Roseaux,6.0,CENTRE DE SANTE SANS LIT,CENTRE DE SANTE SANS LIT,4,1.0,3.0,3.0,10.0
716,716,928,8,Grand'Anse,32,Roseaux,7.0,DISPENSAIRE,DISPENSAIRE,4,2.0,2.0,3.0,10.0
717,717,929,8,Grand'Anse,32,Roseaux,6.0,CENTRE DE SANTE SANS LIT,CENTRE DE SANTE SANS LIT,4,1.0,4.0,3.0,3.0
718,718,930,8,Grand'Anse,32,Roseaux,7.0,DISPENSAIRE,DISPENSAIRE,4,1.0,,3.0,8.0
719,719,932,8,Grand'Anse,33,Beaumont,7.0,DISPENSAIRE,DISPENSAIRE,1,2.0,,3.0,10.0
720,720,933,8,Grand'Anse,33,Beaumont,5.0,CENTRE DE SANTE AVEC LIT,CENTRE DE SANTE AVEC LIT,4,1.0,4.0,3.0,20.0
721,721,934,8,Grand'Anse,34,Pestel,7.0,DISPENSAIRE,DISPENSAIRE,4,2.0,,3.0,2.0
722,722,935,8,Grand'Anse,34,Pestel,5.0,CENTRE DE SANTE AVEC LIT,CENTRE DE SANTE AVEC LIT,1,1.0,6.0,3.0,30.0
723,723,936,8,Grand'Anse,34,Pestel,7.0,DISPENSAIRE,DISPENSAIRE,1,2.0,,3.0,1.0
724,724,938,8,Grand'Anse,34,Pestel,7.0,DISPENSAIRE,DISPENSAIRE,3,2.0,1.0,3.0,1.0
725,725,939,8,Grand'Anse,34,Pestel,7.0,DISPENSAIRE,DISPENSAIRE,4,2.0,3.0,3.0,2.0
726,726,940,8,Grand'Anse,34,Pestel,7.0,DISPENSAIRE,DISPENSAIRE,1,2.0,,3.0,1.0
727,727,941,8,Grand'Anse,34,Pestel,7.0,DISPENSAIRE,DISPENSAIRE,1,2.0,,3.0,7.0
728,728,942,8,Grand'Anse,34,Pestel,7.0,DISPENSAIRE,DISPENSAIRE,1,2.0,,3.0,3.0
729,729,943,9,Nord'Ouest,11,Port-de-Paix,7.0,DISPENSAIRE,DISPENSAIRE,3,2.0,,3.0,1.0
730,730,945,9,Nord'Ouest,11,Port-de-Paix,4.0,HOPITAL,AUTRES HOPITAUX,2,1.0,80.0,3.0,134.0
731,731,946,9,Nord'Ouest,11,Port-de-Paix,7.0,DISPENSAIRE,DISPENSAIRE,1,2.0,,3.0,1.0
732,732,947,9,Nord'Ouest,11,Port-de-Paix,6.0,CENTRE DE SANTE SANS LIT,CENTRE DE SANTE SANS LIT,1,2.0,,3.0,17.0
733,733,948,9,Nord'Ouest,11,Port-de-Paix,7.0,DISPENSAIRE,DISPENSAIRE,1,1.0,,3.0,6.0
734,734,949,9,Nord'Ouest,11,Port-de-Paix,7.0,DISPENSAIRE,DISPENSAIRE,3,1.0,4.0,1.0,9.0
735,735,950,9,Nord'Ouest,11,Port-de-Paix,6.0,CENTRE DE SANTE SANS LIT,CENTRE DE SANTE SANS LIT,4,1.0,,3.0,6.0
736,736,951,9,Nord'Ouest,11,Port-de-Paix,6.0,CENTRE DE SANTE SANS LIT,CENTRE DE SANTE SANS LIT,2,1.0,,3.0,4.0
737,737,952,9,Nord'Ouest,11,Port-de-Paix,2.0,HOPITAL,HOPITAL DEPARTEMENTAL,1,1.0,76.0,1.0,98.0
738,738,953,9,Nord'Ouest,11,Port-de-Paix,7.0,DISPENSAIRE,DISPENSAIRE,3,1.0,,1.0,11.0
739,739,954,9,Nord'Ouest,11,Port-de-Paix,7.0,DISPENSAIRE,DISPENSAIRE,3,2.0,,3.0,1.0
740,740,955,9,Nord'Ouest,11,Port-de-Paix,7.0,DISPENSAIRE,DISPENSAIRE,2,1.0,1.0,3.0,11.0
741,741,957,9,Nord'Ouest,11,Port-de-Paix,7.0,DISPENSAIRE,DISPENSAIRE,1,1.0,,3.0,11.0
742,742,958,9,Nord'Ouest,11,Port-de-Paix,7.0,DISPENSAIRE,DISPENSAIRE,1,2.0,,3.0,9.0
743,743,959,9,Nord'Ouest,11,Port-de-Paix,7.0,DISPENSAIRE,DISPENSAIRE,1,2.0,,3.0,11.0
744,744,960,9,Nord'Ouest,11,Port-de-Paix,7.0,DISPENSAIRE,DISPENSAIRE,1,2.0,,3.0,6.0
745,745,961,9,Nord'Ouest,11,Port-de-Paix,7.0,DISPENSAIRE,DISPENSAIRE,1,2.0,,3.0,6.0
746,746,962,9,Nord'Ouest,11,Port-de-Paix,7.0,DISPENSAIRE,DISPENSAIRE,1,2.0,,3.0,6.0
747,747,965,9,Nord'Ouest,11,Port-de-Paix,5.0,CENTRE DE SANTE AVEC LIT,CENTRE DE SANTE AVEC LIT,3,1.0,30.0,3.0,10.0
748,748,966,9,Nord'Ouest,12,La Tortue,3.0,HOPITAL,HOPITAL COMMUNAUTAIRE DE REFERENCE,4,1.0,20.0,3.0,35.0
749,749,967,9,Nord'Ouest,12,La Tortue,7.0,DISPENSAIRE,DISPENSAIRE,4,1.0,2.0,3.0,5.0
750,750,968,9,Nord'Ouest,12,La Tortue,7.0,DISPENSAIRE,DISPENSAIRE,1,1.0,1.0,3.0,7.0
751,751,969,9,Nord'Ouest,12,La Tortue,7.0,DISPENSAIRE,DISPENSAIRE,2,1.0,2.0,3.0,11.0
752,752,970,9,Nord'Ouest,12,La Tortue,5.0,CENTRE DE SANTE AVEC LIT,CENTRE DE SANTE AVEC LIT,4,1.0,3.0,3.0,8.0
753,753,971,9,Nord'Ouest,12,La Tortue,6.0,CENTRE DE SANTE SANS LIT,CENTRE DE SANTE SANS LIT,3,1.0,3.0,3.0,3.0
754,754,972,9,Nord'Ouest,12,La Tortue,7.0,DISPENSAIRE,DISPENSAIRE,4,1.0,1.0,3.0,7.0
755,755,973,9,Nord'Ouest,13,Bassin-Bleu,7.0,DISPENSAIRE,DISPENSAIRE,1,2.0,,3.0,9.0
756,756,974,9,Nord'Ouest,13,Bassin-Bleu,4.0,HOPITAL,AUTRES HOPITAUX,1,1.0,20.0,1.0,45.0
757,757,975,9,Nord'Ouest,13,Bassin-Bleu,7.0,DISPENSAIRE,DISPENSAIRE,1,2.0,,3.0,10.0
758,758,976,9,Nord'Ouest,13,Bassin-Bleu,7.0,DISPENSAIRE,DISPENSAIRE,1,2.0,,3.0,4.0
759,759,977,9,Nord'Ouest,14,Chansolme,5.0,CENTRE DE SANTE AVEC LIT,CENTRE DE SANTE AVEC LIT,1,1.0,11.0,1.0,40.0
760,760,979,9,Nord'Ouest,21,St-Ls-du-Nord'Ouest,7.0,DISPENSAIRE,DISPENSAIRE,2,2.0,,3.0,3.0
761,761,980,9,Nord'Ouest,21,St-Ls-du-Nord'Ouest,5.0,CENTRE DE SANTE AVEC LIT,CENTRE DE SANTE AVEC LIT,1,1.0,20.0,3.0,40.0
762,762,981,9,Nord'Ouest,21,St-Ls-du-Nord'Ouest,5.0,CENTRE DE SANTE AVEC LIT,CENTRE DE SANTE AVEC LIT,3,1.0,5.0,3.0,6.0
763,763,982,9,Nord'Ouest,21,St-Ls-du-Nord'Ouest,5.0,CENTRE DE SANTE AVEC LIT,CENTRE DE SANTE AVEC LIT,3,1.0,16.0,3.0,12.0
764,764,983,9,Nord'Ouest,21,St-Ls-du-Nord'Ouest,7.0,DISPENSAIRE,DISPENSAIRE,1,1.0,1.0,3.0,11.0
765,765,984,9,Nord'Ouest,21,St-Ls-du-Nord'Ouest,7.0,DISPENSAIRE,DISPENSAIRE,4,1.0,1.0,3.0,2.0
766,766,985,9,Nord'Ouest,21,St-Ls-du-Nord'Ouest,7.0,DISPENSAIRE,DISPENSAIRE,2,2.0,2.0,3.0,1.0
767,767,986,9,Nord'Ouest,21,St-Ls-du-Nord'Ouest,7.0,DISPENSAIRE,DISPENSAIRE,1,1.0,2.0,3.0,3.0
768,768,987,9,Nord'Ouest,21,St-Ls-du-Nord'Ouest,7.0,DISPENSAIRE,DISPENSAIRE,2,2.0,1.0,3.0,5.0
769,769,988,9,Nord'Ouest,21,St-Ls-du-Nord'Ouest,5.0,CENTRE DE SANTE AVEC LIT,CENTRE DE SANTE AVEC LIT,4,1.0,5.0,3.0,12.0
770,770,992,9,Nord'Ouest,22,Anse-!-Foleur,7.0,DISPENSAIRE,DISPENSAIRE,1,2.0,1.0,3.0,9.0
771,771,993,9,Nord'Ouest,22,Anse-!-Foleur,7.0,DISPENSAIRE,DISPENSAIRE,1,2.0,,3.0,6.0
772,772,994,9,Nord'Ouest,22,Anse-!-Foleur,7.0,DISPENSAIRE,DISPENSAIRE,1,2.0,,3.0,9.0
773,773,995,9,Nord'Ouest,22,Anse-!-Foleur,5.0,CENTRE DE SANTE AVEC LIT,CENTRE DE SANTE AVEC LIT,1,1.0,5.0,1.0,37.0
774,774,996,9,Nord'Ouest,31,M!le-Saint-Nicolas,7.0,DISPENSAIRE,DISPENSAIRE,1,2.0,,3.0,6.0
775,775,997,9,Nord'Ouest,31,M!le-Saint-Nicolas,5.0,CENTRE DE SANTE AVEC LIT,CENTRE DE SANTE AVEC LIT,1,1.0,6.0,1.0,16.0
776,776,998,9,Nord'Ouest,31,M!le-Saint-Nicolas,7.0,DISPENSAIRE,DISPENSAIRE,1,2.0,,3.0,4.0
777,777,999,9,Nord'Ouest,31,M!le-Saint-Nicolas,7.0,DISPENSAIRE,DISPENSAIRE,1,1.0,8.0,3.0,19.0
778,778,1000,9,Nord'Ouest,31,M!le-Saint-Nicolas,7.0,DISPENSAIRE,DISPENSAIRE,1,2.0,,3.0,4.0
779,779,1001,9,Nord'Ouest,31,M!le-Saint-Nicolas,5.0,CENTRE DE SANTE AVEC LIT,CENTRE DE SANTE AVEC LIT,1,1.0,11.0,3.0,20.0
780,780,1002,9,Nord'Ouest,32,Baie-de-Henne,6.0,CENTRE DE SANTE SANS LIT,CENTRE DE SANTE SANS LIT,4,1.0,2.0,3.0,9.0
781,781,1003,9,Nord'Ouest,32,Baie-de-Henne,7.0,DISPENSAIRE,DISPENSAIRE,1,2.0,,3.0,4.0
782,782,1004,9,Nord'Ouest,32,Baie-de-Henne,7.0,DISPENSAIRE,DISPENSAIRE,2,2.0,3.0,3.0,11.0
783,783,1005,9,Nord'Ouest,32,Baie-de-Henne,7.0,DISPENSAIRE,DISPENSAIRE,1,2.0,,1.0,8.0
784,784,1006,9,Nord'Ouest,32,Baie-de-Henne,7.0,DISPENSAIRE,DISPENSAIRE,1,1.0,1.0,3.0,5.0
785,785,1007,9,Nord'Ouest,32,Baie-de-Henne,6.0,CENTRE DE SANTE SANS LIT,CENTRE DE SANTE SANS LIT,1,2.0,,3.0,2.0
786,786,1008,9,Nord'Ouest,33,Bombardopolis,5.0,CENTRE DE SANTE AVEC LIT,CENTRE DE SANTE AVEC LIT,1,1.0,19.0,1.0,9.0
787,787,1009,9,Nord'Ouest,33,Bombardopolis,7.0,DISPENSAIRE,DISPENSAIRE,4,,,,
788,788,1010,9,Nord'Ouest,33,Bombardopolis,7.0,DISPENSAIRE,DISPENSAIRE,1,2.0,,3.0,21.0
789,789,1011,9,Nord'Ouest,33,Bombardopolis,7.0,DISPENSAIRE,DISPENSAIRE,1,1.0,,3.0,18.0
790,790,1013,9,Nord'Ouest,33,Bombardopolis,7.0,DISPENSAIRE,DISPENSAIRE,1,1.0,,3.0,4.0
791,791,1014,9,Nord'Ouest,34,Jean-Rabel,7.0,DISPENSAIRE,DISPENSAIRE,1,2.0,,3.0,6.0
792,792,1015,9,Nord'Ouest,34,Jean-Rabel,7.0,DISPENSAIRE,DISPENSAIRE,1,2.0,,3.0,8.0
793,793,1016,9,Nord'Ouest,34,Jean-Rabel,7.0,DISPENSAIRE,DISPENSAIRE,1,2.0,,3.0,4.0
794,794,1017,9,Nord'Ouest,34,Jean-Rabel,7.0,DISPENSAIRE,DISPENSAIRE,3,1.0,1.0,3.0,7.0
795,795,1018,9,Nord'Ouest,34,Jean-Rabel,7.0,DISPENSAIRE,DISPENSAIRE,1,,,,
796,796,1019,9,Nord'Ouest,34,Jean-Rabel,7.0,DISPENSAIRE,DISPENSAIRE,1,2.0,1.0,3.0,3.0
797,797,1020,9,Nord'Ouest,34,Jean-Rabel,7.0,DISPENSAIRE,DISPENSAIRE,1,2.0,4.0,3.0,11.0
798,798,1021,9,Nord'Ouest,34,Jean-Rabel,7.0,DISPENSAIRE,DISPENSAIRE,4,2.0,,3.0,4.0
799,799,1022,9,Nord'Ouest,34,Jean-Rabel,7.0,DISPENSAIRE,DISPENSAIRE,1,2.0,,3.0,3.0
800,800,1023,9,Nord'Ouest,34,Jean-Rabel,7.0,DISPENSAIRE,DISPENSAIRE,1,1.0,,3.0,17.0
801,801,1024,9,Nord'Ouest,34,Jean-Rabel,7.0,DISPENSAIRE,DISPENSAIRE,1,2.0,1.0,3.0,3.0
802,802,1025,9,Nord'Ouest,34,Jean-Rabel,3.0,HOPITAL,HOPITAL COMMUNAUTAIRE DE REFERENCE,1,1.0,45.0,1.0,44.0
803,803,1026,9,Nord'Ouest,34,Jean-Rabel,7.0,DISPENSAIRE,DISPENSAIRE,1,2.0,,3.0,4.0
804,804,1027,9,Nord'Ouest,34,Jean-Rabel,7.0,DISPENSAIRE,DISPENSAIRE,1,2.0,,3.0,9.0
805,805,1028,9,Nord'Ouest,34,Jean-Rabel,7.0,DISPENSAIRE,DISPENSAIRE,4,2.0,,3.0,13.0
806,806,1029,9,Nord'Ouest,34,Jean-Rabel,7.0,DISPENSAIRE,DISPENSAIRE,1,2.0,,3.0,4.0
807,807,1032,9,Nord'Ouest,34,Jean-Rabel,7.0,DISPENSAIRE,DISPENSAIRE,4,2.0,,3.0,10.0
808,808,1034,9,Nord'Ouest,34,Jean-Rabel,7.0,DISPENSAIRE,DISPENSAIRE,1,2.0,2.0,3.0,3.0
809,809,1035,9,Nord'Ouest,34,Jean-Rabel,7.0,DISPENSAIRE,DISPENSAIRE,1,2.0,,3.0,6.0
810,810,1036,10,Nippes,1,Fonds-des-N!gres,7.0,DISPENSAIRE,DISPENSAIRE,4,1.0,,3.0,6.0
811,811,1037,10,Nippes,1,Fonds-des-N!gres,5.0,CENTRE DE SANTE AVEC LIT,CENTRE DE SANTE AVEC LIT,3,1.0,28.0,1.0,41.0
812,812,1038,10,Nippes,1,Fonds-des-N!gres,7.0,DISPENSAIRE,DISPENSAIRE,4,2.0,,3.0,3.0
813,813,1039,10,Nippes,2,Arnaud,6.0,CENTRE DE SANTE SANS LIT,CENTRE DE SANTE SANS LIT,4,1.0,2.0,3.0,11.0
814,814,1040,10,Nippes,3,Grand-Boucan,7.0,DISPENSAIRE,DISPENSAIRE,4,1.0,4.0,3.0,7.0
815,815,1041,10,Nippes,4,Paillant,7.0,DISPENSAIRE,DISPENSAIRE,1,,,,
816,816,1043,10,Nippes,4,Paillant,7.0,DISPENSAIRE,DISPENSAIRE,3,2.0,,3.0,9.0
817,817,1044,10,Nippes,4,Paillant,5.0,CENTRE DE SANTE AVEC LIT,CENTRE DE SANTE AVEC LIT,1,1.0,10.0,3.0,26.0
818,818,1045,10,Nippes,5,Plaisance,7.0,DISPENSAIRE,DISPENSAIRE,4,2.0,,3.0,7.0
819,819,1046,10,Nippes,5,Plaisance,5.0,CENTRE DE SANTE AVEC LIT,CENTRE DE SANTE AVEC LIT,4,1.0,6.0,3.0,6.0
820,820,1047,10,Nippes,41,Mirago!ne,7.0,DISPENSAIRE,DISPENSAIRE,3,2.0,,3.0,7.0
821,821,1048,10,Nippes,41,Mirago!ne,7.0,DISPENSAIRE,DISPENSAIRE,4,2.0,1.0,3.0,1.0
822,822,1049,10,Nippes,41,Mirago!ne,7.0,DISPENSAIRE,DISPENSAIRE,4,2.0,,3.0,1.0
823,823,1050,10,Nippes,41,Mirago!ne,7.0,DISPENSAIRE,DISPENSAIRE,4,2.0,1.0,3.0,1.0
824,824,1051,10,Nippes,41,Mirago!ne,5.0,CENTRE DE SANTE AVEC LIT,CENTRE DE SANTE AVEC LIT,4,1.0,11.0,1.0,16.0
825,825,1052,10,Nippes,41,Mirago!ne,7.0,DISPENSAIRE,DISPENSAIRE,1,2.0,1.0,3.0,5.0
826,826,1053,10,Nippes,41,Mirago!ne,2.0,HOPITAL,HOPITAL DEPARTEMENTAL,1,1.0,40.0,2.0,79.0
827,827,1054,10,Nippes,42,Petite-Rivi!re de Nippes,7.0,DISPENSAIRE,DISPENSAIRE,1,1.0,,3.0,3.0
828,828,1055,10,Nippes,42,Petite-Rivi!re de Nippes,5.0,CENTRE DE SANTE AVEC LIT,CENTRE DE SANTE AVEC LIT,4,1.0,,3.0,5.0
829,829,1056,10,Nippes,42,Petite-Rivi!re de Nippes,6.0,CENTRE DE SANTE SANS LIT,CENTRE DE SANTE SANS LIT,4,1.0,3.0,2.0,14.0
830,830,1058,10,Nippes,51,Anse-!-Veau,7.0,DISPENSAIRE,DISPENSAIRE,4,1.0,,3.0,1.0
831,831,1059,10,Nippes,51,Anse-!-Veau,7.0,DISPENSAIRE,DISPENSAIRE,4,1.0,,3.0,5.0
832,832,1060,10,Nippes,51,Anse-!-Veau,3.0,HOPITAL,HOPITAL COMMUNAUTAIRE DE REFERENCE,3,1.0,2.0,1.0,34.0
833,833,1061,10,Nippes,52,Barad!res,7.0,DISPENSAIRE,DISPENSAIRE,4,1.0,,3.0,1.0
834,834,1062,10,Nippes,52,Barad!res,5.0,CENTRE DE SANTE AVEC LIT,CENTRE DE SANTE AVEC LIT,1,1.0,6.0,1.0,11.0
835,835,1063,10,Nippes,53,Petit-Trou,5.0,CENTRE DE SANTE AVEC LIT,CENTRE DE SANTE AVEC LIT,1,1.0,2.0,1.0,51.0
836,836,1064,10,Nippes,54,L'Asile,7.0,DISPENSAIRE,DISPENSAIRE,1,2.0,,3.0,9.0
837,837,1066,10,Nippes,54,L'Asile,7.0,DISPENSAIRE,DISPENSAIRE,4,2.0,,3.0,4.0
838,838,1067,10,Nippes,54,L'Asile,3.0,HOPITAL,HOPITAL COMMUNAUTAIRE DE REFERENCE,1,1.0,32.0,1.0,30.0
839,839,2000,1,Ouest,41,Arcahaie,7.0,DISPENSAIRE,DISPENSAIRE,2,2.0,,3.0,2.0
840,840,2001,1,Ouest,41,Arcahaie,6.0,CENTRE DE SANTE SANS LIT,CENTRE DE SANTE SANS LIT,2,1.0,,3.0,8.0
841,841,2002,1,Ouest,41,Arcahaie,6.0,CENTRE DE SANTE SANS LIT,CENTRE DE SANTE SANS LIT,4,2.0,,3.0,3.0
842,842,2003,1,Ouest,41,Arcahaie,6.0,CENTRE DE SANTE SANS LIT,CENTRE DE SANTE SANS LIT,3,,,,
843,843,2004,1,Ouest,41,Arcahaie,6.0,CENTRE DE SANTE SANS LIT,CENTRE DE SANTE SANS LIT,2,2.0,,3.0,4.0
844,844,2005,1,Ouest,41,Arcahaie,7.0,DISPENSAIRE,DISPENSAIRE,2,2.0,,3.0,10.0
845,845,2007,1,Ouest,42,Cabaret,5.0,CENTRE DE SANTE AVEC LIT,CENTRE DE SANTE AVEC LIT,3,1.0,3.0,3.0,8.0
846,846,2008,1,Ouest,42,Cabaret,5.0,CENTRE DE SANTE AVEC LIT,CENTRE DE SANTE AVEC LIT,2,1.0,3.0,2.0,20.0
847,847,2009,1,Ouest,42,Cabaret,5.0,CENTRE DE SANTE AVEC LIT,CENTRE DE SANTE AVEC LIT,3,,,,
848,848,2010,1,Ouest,13,Carrefour,5.0,CENTRE DE SANTE AVEC LIT,CENTRE DE SANTE AVEC LIT,3,1.0,6.0,3.0,14.0
849,849,2011,1,Ouest,13,Carrefour,6.0,CENTRE DE SANTE SANS LIT,CENTRE DE SANTE SANS LIT,2,2.0,,3.0,1.0
850,850,2012,1,Ouest,12,Cit!-Soleil,6.0,CENTRE DE SANTE SANS LIT,CENTRE DE SANTE SANS LIT,3,2.0,,3.0,5.0
851,851,2013,1,Ouest,31,Croix-des-Bouquets,6.0,CENTRE DE SANTE SANS LIT,CENTRE DE SANTE SANS LIT,3,1.0,,3.0,4.0
852,852,2016,1,Ouest,31,Croix-des-Bouquets,4.0,HOPITAL,AUTRES HOPITAUX,3,1.0,20.0,2.0,43.0
853,853,2017,1,Ouest,31,Croix-des-Bouquets,6.0,CENTRE DE SANTE SANS LIT,CENTRE DE SANTE SANS LIT,3,2.0,1.0,3.0,6.0
854,854,2018,1,Ouest,31,Croix-des-Bouquets,6.0,CENTRE DE SANTE SANS LIT,CENTRE DE SANTE SANS LIT,3,1.0,3.0,3.0,9.0
855,855,2019,1,Ouest,31,Croix-des-Bouquets,6.0,CENTRE DE SANTE SANS LIT,CENTRE DE SANTE SANS LIT,1,1.0,,3.0,4.0
856,856,2020,1,Ouest,35,Fonds-Verrettes,6.0,CENTRE DE SANTE SANS LIT,CENTRE DE SANTE SANS LIT,2,2.0,,1.0,8.0
857,857,2021,1,Ouest,51,Anse-!-Galets,6.0,CENTRE DE SANTE SANS LIT,CENTRE DE SANTE SANS LIT,2,1.0,5.0,3.0,32.0
858,858,2022,1,Ouest,51,Anse-!-Galets,6.0,CENTRE DE SANTE SANS LIT,CENTRE DE SANTE SANS LIT,3,1.0,4.0,3.0,8.0
859,859,2023,1,Ouest,51,Anse-!-Galets,6.0,CENTRE DE SANTE SANS LIT,CENTRE DE SANTE SANS LIT,3,1.0,,3.0,3.0
860,860,2024,1,Ouest,51,Anse-!-Galets,6.0,CENTRE DE SANTE SANS LIT,CENTRE DE SANTE SANS LIT,3,2.0,,3.0,4.0
861,861,2025,1,Ouest,51,Anse-!-Galets,6.0,CENTRE DE SANTE SANS LIT,CENTRE DE SANTE SANS LIT,3,2.0,,3.0,3.0
862,862,2026,1,Ouest,51,Anse-!-Galets,6.0,CENTRE DE SANTE SANS LIT,CENTRE DE SANTE SANS LIT,3,2.0,,3.0,3.0
863,863,2027,1,Ouest,52,Pointe-!-Raquettes,6.0,CENTRE DE SANTE SANS LIT,CENTRE DE SANTE SANS LIT,3,2.0,1.0,3.0,1.0
864,864,2029,1,Ouest,21,L!og!ne,6.0,CENTRE DE SANTE SANS LIT,CENTRE DE SANTE SANS LIT,4,2.0,,3.0,5.0
865,865,2030,1,Ouest,21,L!og!ne,6.0,CENTRE DE SANTE SANS LIT,CENTRE DE SANTE SANS LIT,1,2.0,,3.0,5.0
866,866,2031,1,Ouest,21,L!og!ne,3.0,HOPITAL,HOPITAL COMMUNAUTAIRE DE REFERENCE,3,1.0,20.0,1.0,38.0
867,867,2032,1,Ouest,21,L!og!ne,4.0,HOPITAL,AUTRES HOPITAUX,3,,,,
868,868,2033,1,Ouest,21,L!og!ne,6.0,CENTRE DE SANTE SANS LIT,CENTRE DE SANTE SANS LIT,4,2.0,,3.0,7.0
869,869,2034,1,Ouest,21,L!og!ne,6.0,CENTRE DE SANTE SANS LIT,CENTRE DE SANTE SANS LIT,3,2.0,,3.0,3.0
870,870,2035,1,Ouest,21,L!og!ne,5.0,CENTRE DE SANTE AVEC LIT,CENTRE DE SANTE AVEC LIT,3,1.0,8.0,3.0,4.0
871,871,2036,1,Ouest,21,L!og!ne,6.0,CENTRE DE SANTE SANS LIT,CENTRE DE SANTE SANS LIT,3,,,,
872,872,2037,1,Ouest,21,L!og!ne,5.0,CENTRE DE SANTE AVEC LIT,CENTRE DE SANTE AVEC LIT,4,2.0,8.0,1.0,8.0
873,873,2038,1,Ouest,21,L!og!ne,6.0,CENTRE DE SANTE SANS LIT,CENTRE DE SANTE SANS LIT,3,1.0,3.0,3.0,36.0
874,874,2040,1,Ouest,13,Carrefour,6.0,CENTRE DE SANTE SANS LIT,CENTRE DE SANTE SANS LIT,2,1.0,5.0,3.0,4.0
875,875,2041,1,Ouest,13,Carrefour,6.0,CENTRE DE SANTE SANS LIT,CENTRE DE SANTE SANS LIT,3,1.0,,3.0,16.0
876,876,2042,1,Ouest,13,Carrefour,6.0,CENTRE DE SANTE SANS LIT,CENTRE DE SANTE SANS LIT,4,2.0,,3.0,4.0
877,877,2043,1,Ouest,13,Carrefour,5.0,CENTRE DE SANTE AVEC LIT,CENTRE DE SANTE AVEC LIT,2,1.0,4.0,3.0,7.0
878,878,2045,1,Ouest,13,Carrefour,6.0,CENTRE DE SANTE SANS LIT,CENTRE DE SANTE SANS LIT,3,1.0,,3.0,9.0
879,879,2048,1,Ouest,13,Carrefour,5.0,CENTRE DE SANTE AVEC LIT,CENTRE DE SANTE AVEC LIT,3,2.0,,3.0,5.0
880,880,2049,1,Ouest,13,Carrefour,5.0,CENTRE DE SANTE AVEC LIT,CENTRE DE SANTE AVEC LIT,3,2.0,,3.0,6.0
881,881,2050,1,Ouest,12,Cit!-Soleil,5.0,CENTRE DE SANTE AVEC LIT,CENTRE DE SANTE AVEC LIT,2,1.0,,3.0,11.0
882,882,2051,1,Ouest,12,Cit!-Soleil,6.0,CENTRE DE SANTE SANS LIT,CENTRE DE SANTE SANS LIT,2,1.0,,3.0,9.0
883,883,2052,1,Ouest,31,Croix-des-Bouquets,6.0,CENTRE DE SANTE SANS LIT,CENTRE DE SANTE SANS LIT,4,1.0,,3.0,5.0
884,884,2053,1,Ouest,31,Croix-des-Bouquets,6.0,CENTRE DE SANTE SANS LIT,CENTRE DE SANTE SANS LIT,3,1.0,,3.0,10.0
885,885,2054,1,Ouest,31,Croix-des-Bouquets,6.0,CENTRE DE SANTE SANS LIT,CENTRE DE SANTE SANS LIT,3,2.0,,3.0,5.0
886,886,2055,1,Ouest,31,Croix-des-Bouquets,5.0,CENTRE DE SANTE AVEC LIT,CENTRE DE SANTE AVEC LIT,3,2.0,4.0,3.0,11.0
887,887,2056,1,Ouest,31,Croix-des-Bouquets,6.0,CENTRE DE SANTE SANS LIT,CENTRE DE SANTE SANS LIT,2,,,,
888,888,2057,1,Ouest,31,Croix-des-Bouquets,5.0,CENTRE DE SANTE AVEC LIT,CENTRE DE SANTE AVEC LIT,3,1.0,8.0,3.0,27.0
889,889,2059,1,Ouest,12,Delmas,6.0,CENTRE DE SANTE SANS LIT,CENTRE DE SANTE SANS LIT,3,1.0,8.0,1.0,33.0
890,890,2060,1,Ouest,12,Delmas,6.0,CENTRE DE SANTE SANS LIT,CENTRE DE SANTE SANS LIT,3,1.0,1.0,3.0,5.0
891,891,2061,1,Ouest,12,Delmas,6.0,CENTRE DE SANTE SANS LIT,CENTRE DE SANTE SANS LIT,3,1.0,2.0,3.0,6.0
892,892,2064,1,Ouest,12,Delmas,6.0,CENTRE DE SANTE SANS LIT,CENTRE DE SANTE SANS LIT,3,,,,
893,893,2065,1,Ouest,12,Delmas,5.0,CENTRE DE SANTE AVEC LIT,CENTRE DE SANTE AVEC LIT,3,1.0,4.0,3.0,15.0
894,894,2066,1,Ouest,12,Delmas,7.0,DISPENSAIRE,DISPENSAIRE,3,1.0,,3.0,6.0
895,895,2067,1,Ouest,12,Delmas,5.0,CENTRE DE SANTE AVEC LIT,CENTRE DE SANTE AVEC LIT,3,1.0,,3.0,7.0
896,896,2068,1,Ouest,12,Delmas,6.0,CENTRE DE SANTE SANS LIT,CENTRE DE SANTE SANS LIT,3,1.0,,2.0,12.0
897,897,2069,1,Ouest,12,Delmas,6.0,CENTRE DE SANTE SANS LIT,CENTRE DE SANTE SANS LIT,2,2.0,,3.0,5.0
898,898,2070,1,Ouest,12,Delmas,6.0,CENTRE DE SANTE SANS LIT,CENTRE DE SANTE SANS LIT,2,1.0,,1.0,16.0
899,899,2071,1,Ouest,12,Delmas,6.0,CENTRE DE SANTE SANS LIT,CENTRE DE SANTE SANS LIT,3,2.0,,3.0,8.0
900,900,2072,1,Ouest,16,Gressier,5.0,CENTRE DE SANTE AVEC LIT,CENTRE DE SANTE AVEC LIT,3,1.0,,3.0,6.0
901,901,2073,1,Ouest,16,Gressier,6.0,CENTRE DE SANTE SANS LIT,CENTRE DE SANTE SANS LIT,4,2.0,,3.0,6.0
902,902,2074,1,Ouest,16,Gressier,6.0,CENTRE DE SANTE SANS LIT,CENTRE DE SANTE SANS LIT,3,,,,
903,903,2075,1,Ouest,16,Gressier,5.0,CENTRE DE SANTE AVEC LIT,CENTRE DE SANTE AVEC LIT,3,2.0,5.0,3.0,5.0
904,904,2076,1,Ouest,14,P!tion-ville,6.0,CENTRE DE SANTE SANS LIT,CENTRE DE SANTE SANS LIT,2,1.0,,3.0,5.0
905,905,2079,1,Ouest,14,P!tion-ville,3.0,HOPITAL,HOPITAL COMMUNAUTAIRE DE REFERENCE,3,1.0,4.0,3.0,10.0
906,906,2080,1,Ouest,14,P!tion-ville,5.0,CENTRE DE SANTE AVEC LIT,CENTRE DE SANTE AVEC LIT,4,1.0,,3.0,5.0
907,907,2083,1,Ouest,11,Port-Au-Prince,6.0,CENTRE DE SANTE SANS LIT,CENTRE DE SANTE SANS LIT,2,1.0,,3.0,8.0
908,908,2084,1,Ouest,11,Port-Au-Prince,6.0,CENTRE DE SANTE SANS LIT,CENTRE DE SANTE SANS LIT,2,1.0,4.0,3.0,14.0
909,909,2085,1,Ouest,11,Port-Au-Prince,6.0,CENTRE DE SANTE SANS LIT,CENTRE DE SANTE SANS LIT,3,1.0,1.0,3.0,11.0
910,910,2086,1,Ouest,11,Port-Au-Prince,6.0,CENTRE DE SANTE SANS LIT,CENTRE DE SANTE SANS LIT,3,1.0,,3.0,5.0
911,911,2087,1,Ouest,11,Port-Au-Prince,5.0,CENTRE DE SANTE AVEC LIT,CENTRE DE SANTE AVEC LIT,3,1.0,3.0,3.0,8.0
912,912,2088,1,Ouest,11,Port-Au-Prince,6.0,CENTRE DE SANTE SANS LIT,CENTRE DE SANTE SANS LIT,2,1.0,,3.0,6.0
913,913,2089,1,Ouest,11,Port-Au-Prince,6.0,CENTRE DE SANTE SANS LIT,CENTRE DE SANTE SANS LIT,2,1.0,,3.0,14.0
914,914,2090,1,Ouest,11,Port-Au-Prince,3.0,HOPITAL,HOPITAL COMMUNAUTAIRE DE REFERENCE,3,1.0,16.0,1.0,33.0
915,915,2091,1,Ouest,11,Port-Au-Prince,6.0,CENTRE DE SANTE SANS LIT,CENTRE DE SANTE SANS LIT,2,1.0,,3.0,13.0
916,916,2092,1,Ouest,11,Port-Au-Prince,6.0,CENTRE DE SANTE SANS LIT,CENTRE DE SANTE SANS LIT,3,1.0,,3.0,9.0
917,917,2093,1,Ouest,11,Port-Au-Prince,6.0,CENTRE DE SANTE SANS LIT,CENTRE DE SANTE SANS LIT,3,,,,
918,918,2094,1,Ouest,11,Port-Au-Prince,6.0,CENTRE DE SANTE SANS LIT,CENTRE DE SANTE SANS LIT,3,1.0,3.0,3.0,9.0
919,919,2095,1,Ouest,11,Port-Au-Prince,5.0,CENTRE DE SANTE AVEC LIT,CENTRE DE SANTE AVEC LIT,3,1.0,8.0,3.0,12.0
920,920,2096,1,Ouest,11,Port-Au-Prince,6.0,CENTRE DE SANTE SANS LIT,CENTRE DE SANTE SANS LIT,4,1.0,,3.0,10.0
921,921,2097,1,Ouest,11,Port-Au-Prince,5.0,CENTRE DE SANTE AVEC LIT,CENTRE DE SANTE AVEC LIT,2,1.0,5.0,3.0,40.0
922,922,2098,1,Ouest,12,Tabarre,5.0,CENTRE DE SANTE AVEC LIT,CENTRE DE SANTE AVEC LIT,2,1.0,8.0,2.0,12.0
923,923,2099,1,Ouest,12,Tabarre,6.0,CENTRE DE SANTE SANS LIT,CENTRE DE SANTE SANS LIT,2,1.0,,3.0,5.0
924,924,2100,1,Ouest,12,Tabarre,6.0,CENTRE DE SANTE SANS LIT,CENTRE DE SANTE SANS LIT,2,1.0,,3.0,4.0
925,925,2101,1,Ouest,12,Tabarre,5.0,CENTRE DE SANTE AVEC LIT,CENTRE DE SANTE AVEC LIT,2,1.0,,3.0,11.0
926,926,2102,1,Ouest,12,Tabarre,6.0,CENTRE DE SANTE SANS LIT,CENTRE DE SANTE SANS LIT,4,1.0,,3.0,5.0
927,927,2103,1,Ouest,12,Tabarre,5.0,CENTRE DE SANTE AVEC LIT,CENTRE DE SANTE AVEC LIT,3,1.0,6.0,1.0,23.0
928,928,2104,1,Ouest,12,Tabarre,5.0,CENTRE DE SANTE AVEC LIT,CENTRE DE SANTE AVEC LIT,3,1.0,5.0,3.0,10.0
929,929,2105,1,Ouest,12,Tabarre,6.0,CENTRE DE SANTE SANS LIT,CENTRE DE SANTE SANS LIT,4,1.0,,3.0,6.0
930,930,2106,1,Ouest,12,Tabarre,5.0,CENTRE DE SANTE AVEC LIT,CENTRE DE SANTE AVEC LIT,3,1.0,,3.0,7.0
931,931,2107,1,Ouest,12,Tabarre,4.0,HOPITAL,AUTRES HOPITAUX,2,1.0,14.0,3.0,7.0
932,932,2108,1,Ouest,12,Tabarre,6.0,CENTRE DE SANTE SANS LIT,CENTRE DE SANTE SANS LIT,3,2.0,,3.0,2.0
933,933,2112,4,Nord'Est,21,Ouanaminthe,6.0,CENTRE DE SANTE SANS LIT,CENTRE DE SANTE SANS LIT,3,1.0,2.0,3.0,4.0
934,934,2113,5,Artibonite,41,Dessalines,6.0,CENTRE DE SANTE SANS LIT,CENTRE DE SANTE SANS LIT,3,1.0,1.0,3.0,10.0
935,935,2115,5,Artibonite,31,Saint-Marc,4.0,HOPITAL,AUTRES HOPITAUX,3,1.0,1.0,3.0,7.0
936,936,2116,5,Artibonite,32,Verrettes,6.0,CENTRE DE SANTE SANS LIT,CENTRE DE SANTE SANS LIT,3,2.0,,3.0,2.0
937,937,2117,5,Artibonite,32,Verrettes,7.0,DISPENSAIRE,DISPENSAIRE,4,2.0,1.0,3.0,19.0
938,938,2118,5,Artibonite,31,Saint-Marc,6.0,CENTRE DE SANTE SANS LIT,CENTRE DE SANTE SANS LIT,2,1.0,,3.0,11.0
939,939,2120,6,Centre,33,Savanette,7.0,DISPENSAIRE,DISPENSAIRE,4,2.0,2.0,3.0,3.0
940,940,2121,6,Centre,23,Boucan-Carr!,6.0,CENTRE DE SANTE SANS LIT,CENTRE DE SANTE SANS LIT,2,1.0,1.0,2.0,4.0
941,941,2122,6,Centre,21,Mirebalais,6.0,CENTRE DE SANTE SANS LIT,CENTRE DE SANTE SANS LIT,4,1.0,2.0,3.0,8.0
942,942,2123,6,Centre,11,Hinche,6.0,CENTRE DE SANTE SANS LIT,CENTRE DE SANTE SANS LIT,2,1.0,3.0,3.0,7.0
943,943,2124,6,Centre,31,Lascahobas,4.0,HOPITAL,AUTRES HOPITAUX,2,1.0,29.0,3.0,12.0
944,944,2125,6,Centre,32,Bellad!re,6.0,CENTRE DE SANTE SANS LIT,CENTRE DE SANTE SANS LIT,3,1.0,6.0,1.0,11.0
945,945,2128,3,Nord,45,La Victoire,5.0,CENTRE DE SANTE AVEC LIT,CENTRE DE SANTE AVEC LIT,2,2.0,,3.0,2.0
946,946,2130,3,Nord,11,Cap-Ha!tien,6.0,CENTRE DE SANTE SANS LIT,CENTRE DE SANTE SANS LIT,3,1.0,,3.0,8.0
947,947,2132,3,Nord,11,Cap-Ha!tien,6.0,CENTRE DE SANTE SANS LIT,CENTRE DE SANTE SANS LIT,3,1.0,,2.0,4.0
948,948,2133,3,Nord,11,Cap-Ha!tien,3.0,HOPITAL,HOPITAL COMMUNAUTAIRE DE REFERENCE,4,1.0,6.0,1.0,39.0
949,949,2134,3,Nord,11,Cap-Ha!tien,6.0,CENTRE DE SANTE SANS LIT,CENTRE DE SANTE SANS LIT,2,1.0,,3.0,5.0
950,950,2137,3,Nord,11,Cap-Ha!tien,5.0,CENTRE DE SANTE AVEC LIT,CENTRE DE SANTE AVEC LIT,4,1.0,,3.0,4.0
951,951,2138,3,Nord,11,Cap-Ha!tien,5.0,CENTRE DE SANTE AVEC LIT,CENTRE DE SANTE AVEC LIT,3,1.0,5.0,3.0,10.0
952,952,2142,3,Nord,23,Milot,6.0,CENTRE DE SANTE SANS LIT,CENTRE DE SANTE SANS LIT,3,2.0,,3.0,2.0
953,953,2144,3,Nord,31,Grande-Rivi!re,6.0,CENTRE DE SANTE SANS LIT,CENTRE DE SANTE SANS LIT,3,1.0,,3.0,14.0
954,954,2146,3,Nord,13,Limonade,6.0,CENTRE DE SANTE SANS LIT,CENTRE DE SANTE SANS LIT,3,1.0,,3.0,5.0
955,955,2147,3,Nord,22,Plaine-du-Nord,5.0,CENTRE DE SANTE AVEC LIT,CENTRE DE SANTE AVEC LIT,3,1.0,6.0,3.0,9.0
956,956,2149,3,Nord,22,Plaine-du-Nord,3.0,HOPITAL,HOPITAL COMMUNAUTAIRE DE REFERENCE,4,1.0,54.0,3.0,54.0
957,957,2150,3,Nord,71,Plaisance,5.0,CENTRE DE SANTE AVEC LIT,CENTRE DE SANTE AVEC LIT,4,1.0,6.0,3.0,19.0
958,958,2151,3,Nord,71,Plaisance,6.0,CENTRE DE SANTE SANS LIT,CENTRE DE SANTE SANS LIT,2,1.0,8.0,3.0,10.0
959,959,2152,3,Nord,21,Acul-du-Nord,4.0,HOPITAL,AUTRES HOPITAUX,2,1.0,12.0,3.0,23.0
960,960,2153,3,Nord,12,Quartier-Morin,6.0,CENTRE DE SANTE SANS LIT,CENTRE DE SANTE SANS LIT,2,1.0,,3.0,6.0
961,961,2154,3,Nord,12,Quartier-Morin,6.0,CENTRE DE SANTE SANS LIT,CENTRE DE SANTE SANS LIT,3,2.0,,1.0,9.0
962,962,2155,3,Nord,22,Plaine-du-Nord,4.0,HOPITAL,AUTRES HOPITAUX,3,1.0,23.0,3.0,24.0
963,963,2156,3,Nord,11,Cap-Ha!tien,4.0,HOPITAL,AUTRES HOPITAUX,3,1.0,4.0,1.0,30.0
964,964,2157,3,Nord,11,Cap-Ha!tien,6.0,CENTRE DE SANTE SANS LIT,CENTRE DE SANTE SANS LIT,4,1.0,,3.0,3.0
965,965,2158,3,Nord,22,Plaine-du-Nord,6.0,CENTRE DE SANTE SANS LIT,CENTRE DE SANTE SANS LIT,4,2.0,,3.0,4.0
966,966,2159,9,Nord'Ouest,21,St-Ls-du-Nord'Ouest,6.0,CENTRE DE SANTE SANS LIT,CENTRE DE SANTE SANS LIT,3,,,,
967,967,2160,9,Nord'Ouest,21,St-Ls-du-Nord'Ouest,5.0,CENTRE DE SANTE AVEC LIT,CENTRE DE SANTE AVEC LIT,3,1.0,2.0,3.0,5.0
968,968,2161,9,Nord'Ouest,33,Bombardopolis,7.0,DISPENSAIRE,DISPENSAIRE,1,2.0,,3.0,17.0
969,969,2162,9,Nord'Ouest,31,M!le-Saint-Nicolas,7.0,DISPENSAIRE,DISPENSAIRE,2,2.0,,3.0,3.0
970,970,2163,9,Nord'Ouest,12,La Tortue,6.0,CENTRE DE SANTE SANS LIT,CENTRE DE SANTE SANS LIT,3,1.0,3.0,3.0,6.0
971,971,2164,8,Grand'Anse,34,Pestel,5.0,CENTRE DE SANTE AVEC LIT,CENTRE DE SANTE AVEC LIT,3,1.0,6.0,2.0,5.0
972,972,2165,10,Nippes,4,Paillant,7.0,DISPENSAIRE,DISPENSAIRE,4,2.0,,3.0,2.0
973,973,2166,8,Grand'Anse,11,J!r!mie,7.0,DISPENSAIRE,DISPENSAIRE,4,1.0,,3.0,8.0
974,974,2167,8,Grand'Anse,14,Moron,6.0,CENTRE DE SANTE SANS LIT,CENTRE DE SANTE SANS LIT,2,1.0,,3.0,3.0
975,975,2168,10,Nippes,1,Fonds-des-N!gres,6.0,CENTRE DE SANTE SANS LIT,CENTRE DE SANTE SANS LIT,3,1.0,,3.0,6.0
976,976,2169,10,Nippes,54,L'Asile,6.0,CENTRE DE SANTE SANS LIT,CENTRE DE SANTE SANS LIT,3,1.0,,3.0,4.0
977,977,2170,10,Nippes,52,Barad!res,6.0,CENTRE DE SANTE SANS LIT,CENTRE DE SANTE SANS LIT,3,1.0,,3.0,4.0
978,978,2171,8,Grand'Anse,11,J!r!mie,6.0,CENTRE DE SANTE SANS LIT,CENTRE DE SANTE SANS LIT,2,1.0,,3.0,4.0
979,979,2172,6,Centre,32,Bellad!re,6.0,CENTRE DE SANTE SANS LIT,CENTRE DE SANTE SANS LIT,3,1.0,4.0,3.0,9.0
980,980,2173,7,Sud,33,Cavaillon,6.0,CENTRE DE SANTE SANS LIT,CENTRE DE SANTE SANS LIT,2,1.0,,3.0,20.0
981,981,2174,7,Sud,33,Cavaillon,6.0,CENTRE DE SANTE SANS LIT,CENTRE DE SANTE SANS LIT,3,1.0,,3.0,13.0
982,982,2176,7,Sud,33,Cavaillon,6.0,CENTRE DE SANTE SANS LIT,CENTRE DE SANTE SANS LIT,3,1.0,,3.0,2.0
983,983,2177,7,Sud,33,Cavaillon,6.0,CENTRE DE SANTE SANS LIT,CENTRE DE SANTE SANS LIT,3,,,,
984,984,2178,7,Sud,31,Aquin,6.0,CENTRE DE SANTE SANS LIT,CENTRE DE SANTE SANS LIT,3,1.0,,3.0,3.0
985,985,2179,7,Sud,31,Aquin,7.0,DISPENSAIRE,DISPENSAIRE,4,1.0,,3.0,3.0
986,986,2180,2,Sud'est,32,Grand-Gosier,6.0,CENTRE DE SANTE SANS LIT,CENTRE DE SANTE SANS LIT,2,1.0,3.0,3.0,6.0
987,987,2181,2,Sud'est,31,Belle-Anse,6.0,CENTRE DE SANTE SANS LIT,CENTRE DE SANTE SANS LIT,2,2.0,,3.0,7.0
988,988,2182,2,Sud'est,22,C!tes-de-Fer,4.0,HOPITAL,AUTRES HOPITAUX,4,1.0,20.0,1.0,45.0
989,989,2183,2,Sud'est,12,Marigot,7.0,DISPENSAIRE,DISPENSAIRE,1,1.0,3.0,3.0,7.0
990,990,2184,2,Sud'est,13,Cayes-Jacmel,7.0,DISPENSAIRE,DISPENSAIRE,2,2.0,,3.0,3.0
991,991,3001,3,Nord,11,Cap-Haitien,6.0,CENTRE DE SANTE SANS LIT,CENTRE DE SANTE SANS LIT,3,1.0,1.0,1.0,10.0
992,992,3002,7,Sud,31,Aquin,7.0,DISPENSAIRE,DISPENSAIRE,4,2.0,,3.0,6.0
993,993,3003,2,Sud'est,13,Cayes-Jacmel,5.0,CENTRE DE SANTE AVEC LIT,CENTRE DE SANTE AVEC LIT,2,2.0,7.0,3.0,4.0
994,994,3021,1,Ouest,2,Leogane,6.0,CENTRE DE SANTE SANS LIT,CENTRE DE SANTE SANS LIT,3,1.0,,3.0,5.0
995,995,3022,3,Nord,13,Limonade,6.0,CENTRE DE SANTE SANS LIT,CENTRE DE SANTE SANS LIT,2,1.0,,3.0,2.0
996,996,3023,3,Nord,22,Plaine du Nord,6.0,CENTRE DE SANTE SANS LIT,CENTRE DE SANTE SANS LIT,2,1.0,,3.0,6.0
997,997,3024,8,Grand'Anse,11,Jeremie,6.0,CENTRE DE SANTE SANS LIT,CENTRE DE SANTE SANS LIT,4,2.0,,3.0,2.0
998,998,3025,7,Sud,11,Cayes,4.0,HOPITAL,AUTRES HOPITAUX,3,1.0,15.0,3.0,31.0
999,999,3026,7,Sud,11,Cayes,7.0,DISPENSAIRE,DISPENSAIRE,2,1.0,,3.0,6.0
1000,1000,3041,1,Ouest,1,Petit Goave,6.0,CENTRE DE SANTE SANS LIT,CENTRE DE SANTE SANS LIT,3,1.0,4.0,3.0,10.0
1001,1001,3061,1,Ouest,1,Cx Des Bouquets,6.0,CENTRE DE SANTE SANS LIT,CENTRE DE SANTE SANS LIT,1,2.0,1.0,3.0,4.0
1002,1002,3062,8,Grand'Anse,31,Corail,7.0,DISPENSAIRE,DISPENSAIRE,2,2.0,1.0,3.0,5.0
1003,1003,3063,8,Grand'Anse,1,Pestel,6.0,CENTRE DE SANTE SANS LIT,CENTRE DE SANTE SANS LIT,1,2.0,2.0,3.0,1.0
1004,1004,3064,1,Ouest,15,Kenscoff,4.0,HOPITAL,AUTRES HOPITAUX,2,1.0,,3.0,2.0
1005,1005,3065,7,Sud,6,Torbeck,6.0,CENTRE DE SANTE SANS LIT,CENTRE DE SANTE SANS LIT,4,1.0,3.0,3.0,8.0
1006,1006,3081,1,Ouest,31,Cx Des Bouquets,6.0,CENTRE DE SANTE SANS LIT,CENTRE DE SANTE SANS LIT,2,1.0,,1.0,13.0
1007,1007,3082,1,Ouest,22,Petit Goave,6.0,CENTRE DE SANTE SANS LIT,CENTRE DE SANTE SANS LIT,3,1.0,,1.0,19.0
1008,1008,3083,7,Sud,33,Cavaillon,6.0,CENTRE DE SANTE SANS LIT,CENTRE DE SANTE SANS LIT,4,2.0,,1.0,8.0
1009,1009,3084,10,Nippes,54,L'Asile,7.0,DISPENSAIRE,DISPENSAIRE,2,2.0,,3.0,8.0
1010,1010,3085,10,Nippes,51,Anse A Veau,6.0,CENTRE DE SANTE SANS LIT,CENTRE DE SANTE SANS LIT,4,1.0,,3.0,5.0
1011,1011,3101,5,Artibonite,31,St Marc,5.0,CENTRE DE SANTE AVEC LIT,CENTRE DE SANTE AVEC LIT,3,2.0,5.0,3.0,8.0
1012,1012,3102,2,Sud'est,21,Bainet,6.0,CENTRE DE SANTE SANS LIT,CENTRE DE SANTE SANS LIT,3,2.0,,3.0,2.0
1013,1013,3103,2,Sud'est,21,Bainet,7.0,DISPENSAIRE,DISPENSAIRE,3,2.0,,3.0,2.0
1014,1014,3104,2,Sud'est,21,Bainet,7.0,DISPENSAIRE,DISPENSAIRE,2,2.0,,3.0,1.0
1015,1015,3121,7,Sud,7,Cayes,6.0,CENTRE DE SANTE SANS LIT,CENTRE DE SANTE SANS LIT,4,2.0,,3.0,7.0
1016,1016,3141,3,Nord,11,Limbe,6.0,CENTRE DE SANTE SANS LIT,CENTRE DE SANTE SANS LIT,3,1.0,3.0,3.0,7.0
1017,1017,3181,1,Ouest,45,Ganthier,6.0,CENTRE DE SANTE SANS LIT,CENTRE DE SANTE SANS LIT,4,2.0,,3.0,2.0
1018,1018,3182,3,Nord,11,Cap-Haitien,6.0,CENTRE DE SANTE SANS LIT,CENTRE DE SANTE SANS LIT,3,1.0,,3.0,5.0
1019,1019,3183,7,Sud,11,Cayes,7.0,DISPENSAIRE,DISPENSAIRE,3,1.0,,3.0,4.0
1020,1020,3184,7,Sud,11,Cayes,7.0,DISPENSAIRE,DISPENSAIRE,1,2.0,,3.0,2.0
1021,1021,3201,5,Artibonite,21,Gros Morne,7.0,DISPENSAIRE,DISPENSAIRE,2,2.0,,3.0,4.0
1022,1022,3202,1,Ouest,12,Delmas,6.0,CENTRE DE SANTE SANS LIT,CENTRE DE SANTE SANS LIT,4,1.0,,3.0,3.0
1023,1023,3221,9,Nord'Ouest,11,Port-De-Paix,6.0,CENTRE DE SANTE SANS LIT,CENTRE DE SANTE SANS LIT,4,2.0,,3.0,3.0
1024,1024,3222,7,Sud,11,Les Cayes,6.0,CENTRE DE SANTE SANS LIT,CENTRE DE SANTE SANS LIT,2,2.0,,3.0,8.0
1025,1025,3223,1,Ouest,1,Port Au Prince,6.0,CENTRE DE SANTE SANS LIT,CENTRE DE SANTE SANS LIT,4,1.0,,3.0,5.0
1026,1026,3241,4,Nord'Est,34,Caracol,7.0,DISPENSAIRE,DISPENSAIRE,1,2.0,1.0,3.0,11.0
1027,1027,3243,2,Sud'est,11,Jacmel,6.0,CENTRE DE SANTE SANS LIT,CENTRE DE SANTE SANS LIT,2,1.0,,3.0,6.0
1028,1028,3244,1,Ouest,21,L!og!ne,6.0,CENTRE DE SANTE SANS LIT,CENTRE DE SANTE SANS LIT,2,1.0,,3.0,6.0
1029,1029,3245,2,Sud'est,11,Jacmel,7.0,DISPENSAIRE,DISPENSAIRE,2,2.0,,3.0,2.0
1030,1030,3261,1,Ouest,2,Arcahaie,6.0,CENTRE DE SANTE SANS LIT,CENTRE DE SANTE SANS LIT,3,1.0,,1.0,6.0
1031,1031,3262,6,Centre,6,Mirbalais,6.0,CENTRE DE SANTE SANS LIT,CENTRE DE SANTE SANS LIT,3,1.0,,3.0,5.0
1032,1032,3281,2,Sud'est,11,Jacmel,5.0,CENTRE DE SANTE AVEC LIT,CENTRE DE SANTE AVEC LIT,3,1.0,3.0,3.0,14.0
